-- MySQL dump 10.13  Distrib 8.0.25, for Win64 (x86_64)
--
-- Host: 127.0.0.1    Database: gold_db
-- ------------------------------------------------------
-- Server version	8.0.25

/*!40101 SET @OLD_CHARACTER_SET_CLIENT=@@CHARACTER_SET_CLIENT */;
/*!40101 SET @OLD_CHARACTER_SET_RESULTS=@@CHARACTER_SET_RESULTS */;
/*!40101 SET @OLD_COLLATION_CONNECTION=@@COLLATION_CONNECTION */;
/*!50503 SET NAMES UTF8 */;
/*!40103 SET @OLD_TIME_ZONE=@@TIME_ZONE */;
/*!40103 SET TIME_ZONE='+00:00' */;
/*!40014 SET @OLD_UNIQUE_CHECKS=@@UNIQUE_CHECKS, UNIQUE_CHECKS=0 */;
/*!40014 SET @OLD_FOREIGN_KEY_CHECKS=@@FOREIGN_KEY_CHECKS, FOREIGN_KEY_CHECKS=0 */;
/*!40101 SET @OLD_SQL_MODE=@@SQL_MODE, SQL_MODE='NO_AUTO_VALUE_ON_ZERO' */;
/*!40111 SET @OLD_SQL_NOTES=@@SQL_NOTES, SQL_NOTES=0 */;

--
-- Table structure for table `bill_adjustments`
--

DROP TABLE IF EXISTS `bill_adjustments`;
/*!40101 SET @saved_cs_client     = @@character_set_client */;
/*!50503 SET character_set_client = utf8mb4 */;
CREATE TABLE `bill_adjustments` (
  `id` bigint unsigned NOT NULL AUTO_INCREMENT,
  `name` varchar(100) COLLATE utf8mb4_unicode_ci NOT NULL,
  `value` double NOT NULL,
  `comment` varchar(255) COLLATE utf8mb4_unicode_ci NOT NULL,
  `created_at` timestamp NULL DEFAULT NULL,
  `updated_at` timestamp NULL DEFAULT NULL,
  PRIMARY KEY (`id`)
) ENGINE=InnoDB AUTO_INCREMENT=3 DEFAULT CHARSET=utf8mb4 COLLATE=utf8mb4_unicode_ci;
/*!40101 SET character_set_client = @saved_cs_client */;

--
-- Dumping data for table `bill_adjustments`
--

LOCK TABLES `bill_adjustments` WRITE;
/*!40000 ALTER TABLE `bill_adjustments` DISABLE KEYS */;
INSERT INTO `bill_adjustments` VALUES (1,'pan',40,'40% of pan value taken','2021-12-24 10:32:04','2021-12-24 10:32:04'),(2,'nitric',96,'96% of nitric value taken','2021-12-24 10:32:04','2021-12-24 10:32:04');
/*!40000 ALTER TABLE `bill_adjustments` ENABLE KEYS */;
UNLOCK TABLES;

--
-- Table structure for table `bill_details`
--

DROP TABLE IF EXISTS `bill_details`;
/*!40101 SET @saved_cs_client     = @@character_set_client */;
/*!50503 SET character_set_client = utf8mb4 */;
CREATE TABLE `bill_details` (
  `id` bigint unsigned NOT NULL AUTO_INCREMENT,
  `bill_master_id` bigint unsigned NOT NULL,
  `job_master_id` bigint unsigned DEFAULT NULL,
  `tag` varchar(255) COLLATE utf8mb4_unicode_ci DEFAULT NULL,
  `model_number` varchar(255) COLLATE utf8mb4_unicode_ci NOT NULL,
  `size` varchar(255) COLLATE utf8mb4_unicode_ci NOT NULL,
  `gross_weight` double NOT NULL,
  `material_id` int NOT NULL,
  `ginnie` double NOT NULL,
  `rate` double NOT NULL,
  `pure_gold` double NOT NULL,
  `quantity` int NOT NULL,
  `mv` double NOT NULL,
  `created_at` timestamp NULL DEFAULT NULL,
  `updated_at` timestamp NULL DEFAULT NULL,
  PRIMARY KEY (`id`),
  KEY `bill_details_bill_master_id_foreign` (`bill_master_id`),
  CONSTRAINT `bill_details_bill_master_id_foreign` FOREIGN KEY (`bill_master_id`) REFERENCES `bill_masters` (`id`)
) ENGINE=InnoDB DEFAULT CHARSET=utf8mb4 COLLATE=utf8mb4_unicode_ci;
/*!40101 SET character_set_client = @saved_cs_client */;

--
-- Dumping data for table `bill_details`
--

LOCK TABLES `bill_details` WRITE;
/*!40000 ALTER TABLE `bill_details` DISABLE KEYS */;
/*!40000 ALTER TABLE `bill_details` ENABLE KEYS */;
UNLOCK TABLES;

--
-- Table structure for table `bill_masters`
--

DROP TABLE IF EXISTS `bill_masters`;
/*!40101 SET @saved_cs_client     = @@character_set_client */;
/*!50503 SET character_set_client = utf8mb4 */;
CREATE TABLE `bill_masters` (
  `id` bigint unsigned NOT NULL AUTO_INCREMENT,
  `bill_number` varchar(255) COLLATE utf8mb4_unicode_ci NOT NULL,
  `bill_date` date NOT NULL,
  `order_master_id` bigint unsigned DEFAULT NULL,
  `customer_id` bigint unsigned NOT NULL,
  `agent_id` bigint unsigned NOT NULL,
  `discount` double NOT NULL DEFAULT '0',
  `created_at` timestamp NULL DEFAULT NULL,
  `updated_at` timestamp NULL DEFAULT NULL,
  PRIMARY KEY (`id`),
  KEY `bill_masters_customer_id_foreign` (`customer_id`),
  KEY `bill_masters_agent_id_foreign` (`agent_id`),
  CONSTRAINT `bill_masters_agent_id_foreign` FOREIGN KEY (`agent_id`) REFERENCES `people` (`id`),
  CONSTRAINT `bill_masters_customer_id_foreign` FOREIGN KEY (`customer_id`) REFERENCES `people` (`id`)
) ENGINE=InnoDB DEFAULT CHARSET=utf8mb4 COLLATE=utf8mb4_unicode_ci;
/*!40101 SET character_set_client = @saved_cs_client */;

--
-- Dumping data for table `bill_masters`
--

LOCK TABLES `bill_masters` WRITE;
/*!40000 ALTER TABLE `bill_masters` DISABLE KEYS */;
/*!40000 ALTER TABLE `bill_masters` ENABLE KEYS */;
UNLOCK TABLES;

--
-- Table structure for table `custom_vouchers`
--

DROP TABLE IF EXISTS `custom_vouchers`;
/*!40101 SET @saved_cs_client     = @@character_set_client */;
/*!50503 SET character_set_client = utf8mb4 */;
CREATE TABLE `custom_vouchers` (
  `id` bigint unsigned NOT NULL AUTO_INCREMENT,
  `voucher_name` varchar(100) COLLATE utf8mb4_unicode_ci NOT NULL,
  `last_counter` bigint NOT NULL DEFAULT '1',
  `accounting_year` int NOT NULL,
  `prefix` varchar(255) COLLATE utf8mb4_unicode_ci DEFAULT NULL,
  `suffix` varchar(255) COLLATE utf8mb4_unicode_ci DEFAULT NULL,
  `delimiter` varchar(255) COLLATE utf8mb4_unicode_ci NOT NULL DEFAULT '/',
  `created_at` timestamp NULL DEFAULT NULL,
  `updated_at` timestamp NULL DEFAULT NULL,
  PRIMARY KEY (`id`),
  UNIQUE KEY `custom_vouchers_voucher_name_accounting_year_unique` (`voucher_name`,`accounting_year`)
) ENGINE=InnoDB AUTO_INCREMENT=3 DEFAULT CHARSET=utf8mb4 COLLATE=utf8mb4_unicode_ci;
/*!40101 SET character_set_client = @saved_cs_client */;

--
-- Dumping data for table `custom_vouchers`
--

LOCK TABLES `custom_vouchers` WRITE;
/*!40000 ALTER TABLE `custom_vouchers` DISABLE KEYS */;
INSERT INTO `custom_vouchers` VALUES (1,'order',13,2122,'ORD',NULL,'-','2021-12-24 10:38:16','2022-01-07 06:27:43'),(2,'job',43,2122,'JOB',NULL,'-','2021-12-24 10:55:34','2022-01-07 06:38:50');
/*!40000 ALTER TABLE `custom_vouchers` ENABLE KEYS */;
UNLOCK TABLES;

--
-- Table structure for table `customer_categories`
--

DROP TABLE IF EXISTS `customer_categories`;
/*!40101 SET @saved_cs_client     = @@character_set_client */;
/*!50503 SET character_set_client = utf8mb4 */;
CREATE TABLE `customer_categories` (
  `id` bigint unsigned NOT NULL AUTO_INCREMENT,
  `customer_category_name` varchar(255) COLLATE utf8mb4_unicode_ci NOT NULL,
  `inforced` tinyint NOT NULL DEFAULT '1',
  `created_at` timestamp NULL DEFAULT NULL,
  `updated_at` timestamp NULL DEFAULT NULL,
  PRIMARY KEY (`id`)
) ENGINE=InnoDB AUTO_INCREMENT=6 DEFAULT CHARSET=utf8mb4 COLLATE=utf8mb4_unicode_ci;
/*!40101 SET character_set_client = @saved_cs_client */;

--
-- Dumping data for table `customer_categories`
--

LOCK TABLES `customer_categories` WRITE;
/*!40000 ALTER TABLE `customer_categories` DISABLE KEYS */;
INSERT INTO `customer_categories` VALUES (1,'Base',1,'2021-12-24 10:32:03','2021-12-24 10:32:03'),(2,'Base-50',1,'2021-12-24 10:32:03','2021-12-24 10:32:03'),(3,'Base-100',1,'2021-12-24 10:32:03','2021-12-24 10:32:03'),(4,'Base-150',1,'2021-12-24 10:32:03','2021-12-24 10:32:03'),(5,'Not Applicable',1,'2021-12-24 10:32:03','2021-12-24 10:32:03');
/*!40000 ALTER TABLE `customer_categories` ENABLE KEYS */;
UNLOCK TABLES;

--
-- Table structure for table `customer_to_agents`
--

DROP TABLE IF EXISTS `customer_to_agents`;
/*!40101 SET @saved_cs_client     = @@character_set_client */;
/*!50503 SET character_set_client = utf8mb4 */;
CREATE TABLE `customer_to_agents` (
  `id` bigint unsigned NOT NULL AUTO_INCREMENT,
  `customer_id` bigint unsigned NOT NULL,
  `agent_id` bigint unsigned NOT NULL,
  `created_at` timestamp NULL DEFAULT NULL,
  `updated_at` timestamp NULL DEFAULT NULL,
  PRIMARY KEY (`id`),
  UNIQUE KEY `customer_to_agents_customer_id_unique` (`customer_id`),
  KEY `customer_to_agents_agent_id_foreign` (`agent_id`),
  CONSTRAINT `customer_to_agents_agent_id_foreign` FOREIGN KEY (`agent_id`) REFERENCES `people` (`id`),
  CONSTRAINT `customer_to_agents_customer_id_foreign` FOREIGN KEY (`customer_id`) REFERENCES `people` (`id`)
) ENGINE=InnoDB AUTO_INCREMENT=8 DEFAULT CHARSET=utf8mb4 COLLATE=utf8mb4_unicode_ci;
/*!40101 SET character_set_client = @saved_cs_client */;

--
-- Dumping data for table `customer_to_agents`
--

LOCK TABLES `customer_to_agents` WRITE;
/*!40000 ALTER TABLE `customer_to_agents` DISABLE KEYS */;
INSERT INTO `customer_to_agents` VALUES (1,26,5,'2021-12-24 10:38:16','2021-12-24 10:38:16'),(2,28,6,'2021-12-24 10:42:21','2021-12-24 10:42:21'),(3,32,8,'2021-12-24 10:46:53','2021-12-24 10:46:53'),(4,34,11,'2021-12-24 10:55:08','2021-12-24 10:55:08'),(5,30,12,'2021-12-25 06:33:36','2021-12-25 06:33:36'),(6,29,11,'2021-12-27 04:59:06','2021-12-27 04:59:06'),(7,27,6,'2021-12-28 10:36:29','2021-12-28 10:36:29');
/*!40000 ALTER TABLE `customer_to_agents` ENABLE KEYS */;
UNLOCK TABLES;

--
-- Table structure for table `employee_opening_balances`
--

DROP TABLE IF EXISTS `employee_opening_balances`;
/*!40101 SET @saved_cs_client     = @@character_set_client */;
/*!50503 SET character_set_client = utf8mb4 */;
CREATE TABLE `employee_opening_balances` (
  `id` bigint unsigned NOT NULL AUTO_INCREMENT,
  `employee_id` bigint unsigned NOT NULL,
  `material_id` bigint unsigned NOT NULL,
  `quantity` double DEFAULT NULL,
  `created_at` timestamp NULL DEFAULT NULL,
  `updated_at` timestamp NULL DEFAULT NULL,
  PRIMARY KEY (`id`),
  KEY `employee_opening_balances_employee_id_foreign` (`employee_id`),
  KEY `employee_opening_balances_material_id_foreign` (`material_id`),
  CONSTRAINT `employee_opening_balances_employee_id_foreign` FOREIGN KEY (`employee_id`) REFERENCES `users` (`id`),
  CONSTRAINT `employee_opening_balances_material_id_foreign` FOREIGN KEY (`material_id`) REFERENCES `materials` (`id`)
) ENGINE=InnoDB DEFAULT CHARSET=utf8mb4 COLLATE=utf8mb4_unicode_ci;
/*!40101 SET character_set_client = @saved_cs_client */;

--
-- Dumping data for table `employee_opening_balances`
--

LOCK TABLES `employee_opening_balances` WRITE;
/*!40000 ALTER TABLE `employee_opening_balances` DISABLE KEYS */;
/*!40000 ALTER TABLE `employee_opening_balances` ENABLE KEYS */;
UNLOCK TABLES;

--
-- Table structure for table `failed_jobs`
--

DROP TABLE IF EXISTS `failed_jobs`;
/*!40101 SET @saved_cs_client     = @@character_set_client */;
/*!50503 SET character_set_client = utf8mb4 */;
CREATE TABLE `failed_jobs` (
  `id` bigint unsigned NOT NULL AUTO_INCREMENT,
  `uuid` varchar(255) COLLATE utf8mb4_unicode_ci NOT NULL,
  `connection` text COLLATE utf8mb4_unicode_ci NOT NULL,
  `queue` text COLLATE utf8mb4_unicode_ci NOT NULL,
  `payload` longtext COLLATE utf8mb4_unicode_ci NOT NULL,
  `exception` longtext COLLATE utf8mb4_unicode_ci NOT NULL,
  `failed_at` timestamp NOT NULL DEFAULT CURRENT_TIMESTAMP,
  PRIMARY KEY (`id`),
  UNIQUE KEY `failed_jobs_uuid_unique` (`uuid`)
) ENGINE=InnoDB DEFAULT CHARSET=utf8mb4 COLLATE=utf8mb4_unicode_ci;
/*!40101 SET character_set_client = @saved_cs_client */;

--
-- Dumping data for table `failed_jobs`
--

LOCK TABLES `failed_jobs` WRITE;
/*!40000 ALTER TABLE `failed_jobs` DISABLE KEYS */;
/*!40000 ALTER TABLE `failed_jobs` ENABLE KEYS */;
UNLOCK TABLES;

--
-- Table structure for table `job_details`
--

DROP TABLE IF EXISTS `job_details`;
/*!40101 SET @saved_cs_client     = @@character_set_client */;
/*!50503 SET character_set_client = utf8mb4 */;
CREATE TABLE `job_details` (
  `id` bigint unsigned NOT NULL AUTO_INCREMENT,
  `job_master_id` bigint unsigned NOT NULL,
  `employee_id` bigint unsigned NOT NULL,
  `material_id` bigint unsigned NOT NULL,
  `job_task_id` bigint unsigned NOT NULL,
  `material_quantity` double NOT NULL,
  `created_at` timestamp NULL DEFAULT NULL,
  `updated_at` timestamp NULL DEFAULT NULL,
  PRIMARY KEY (`id`),
  KEY `job_details_job_master_id_foreign` (`job_master_id`),
  KEY `job_details_employee_id_foreign` (`employee_id`),
  KEY `job_details_material_id_foreign` (`material_id`),
  KEY `job_details_job_task_id_foreign` (`job_task_id`),
  CONSTRAINT `job_details_employee_id_foreign` FOREIGN KEY (`employee_id`) REFERENCES `people` (`id`),
  CONSTRAINT `job_details_job_master_id_foreign` FOREIGN KEY (`job_master_id`) REFERENCES `job_masters` (`id`),
  CONSTRAINT `job_details_job_task_id_foreign` FOREIGN KEY (`job_task_id`) REFERENCES `job_tasks` (`id`),
  CONSTRAINT `job_details_material_id_foreign` FOREIGN KEY (`material_id`) REFERENCES `materials` (`id`)
) ENGINE=InnoDB AUTO_INCREMENT=300 DEFAULT CHARSET=utf8mb4 COLLATE=utf8mb4_unicode_ci;
/*!40101 SET character_set_client = @saved_cs_client */;

--
-- Dumping data for table `job_details`
--

LOCK TABLES `job_details` WRITE;
/*!40000 ALTER TABLE `job_details` DISABLE KEYS */;
INSERT INTO `job_details` VALUES (1,1,3,3,1,3.69,'2021-12-24 10:55:34','2021-12-24 10:55:34'),(2,2,3,3,1,9.265,'2021-12-24 10:55:50','2021-12-24 10:55:50'),(3,3,3,3,1,6.985,'2021-12-24 10:56:08','2021-12-24 10:56:08'),(4,4,3,3,1,3.256,'2021-12-24 10:56:26','2021-12-24 10:56:26'),(5,5,3,3,1,3.236,'2021-12-24 11:01:55','2021-12-24 11:01:55'),(6,6,3,3,1,3.26,'2021-12-24 11:02:09','2021-12-24 11:02:09'),(7,7,3,3,1,2.365,'2021-12-24 11:02:25','2021-12-24 11:02:25'),(8,8,3,3,1,3.236,'2021-12-24 11:02:40','2021-12-24 11:02:40'),(9,1,3,9,2,-0.012,'2021-12-24 11:02:50','2021-12-24 11:02:50'),(10,1,19,6,3,2.036,'2021-12-24 11:02:54','2021-12-24 11:02:54'),(11,1,19,12,8,3.236,'2021-12-24 11:03:02','2021-12-24 11:03:02'),(12,1,19,12,8,30.236,'2021-12-24 11:03:10','2021-12-24 11:03:10'),(13,1,3,4,5,0.236,'2021-12-24 11:03:17','2021-12-24 11:03:17'),(14,1,3,3,1,2.302,'2021-12-24 11:03:23','2021-12-24 11:03:23'),(15,1,3,9,2,-0.236,'2021-12-24 11:03:29','2021-12-24 11:03:29'),(16,1,19,6,3,2.036,'2021-12-24 11:03:35','2021-12-24 11:03:35'),(17,1,3,4,5,2.036,'2021-12-24 11:03:41','2021-12-24 11:03:41'),(18,1,19,11,6,-0.236,'2021-12-24 11:03:46','2021-12-24 11:03:46'),(19,1,3,3,1,2.036,'2021-12-24 11:03:51','2021-12-24 11:03:51'),(20,1,3,9,2,-0.236,'2021-12-24 11:03:57','2021-12-24 11:03:57'),(21,1,3,3,1,3.236,'2021-12-24 11:04:06','2021-12-24 11:04:06'),(22,1,3,9,2,-2.036,'2021-12-24 11:04:12','2021-12-24 11:04:12'),(23,1,19,11,6,-0.236,'2021-12-24 11:11:21','2021-12-24 11:11:21'),(24,1,3,3,1,0.236,'2021-12-24 11:12:00','2021-12-24 11:12:00'),(25,1,3,3,1,1,'2021-12-24 11:12:14','2021-12-24 11:12:14'),(26,1,3,3,1,0.236,'2021-12-24 11:12:19','2021-12-24 11:12:19'),(27,2,3,9,2,-0.956,'2021-12-24 11:12:43','2021-12-24 11:12:43'),(28,2,18,6,3,2.036,'2021-12-24 11:12:49','2021-12-24 11:12:49'),(29,2,18,12,8,36.236,'2021-12-24 11:13:02','2021-12-24 11:13:02'),(30,2,3,4,5,0.695,'2021-12-24 11:13:11','2021-12-24 11:13:11'),(31,2,3,3,1,2.326,'2021-12-24 11:13:49','2021-12-24 11:13:49'),(32,2,3,3,1,0.368,'2021-12-24 11:14:10','2021-12-24 11:14:10'),(33,2,18,6,3,0.199,'2021-12-24 11:14:24','2021-12-24 11:14:24'),(34,4,3,3,1,3.236,'2021-12-24 11:17:55','2021-12-24 11:17:55'),(35,4,3,3,1,2.326,'2021-12-24 11:18:02','2021-12-24 11:18:02'),(36,4,3,3,1,0.236,'2021-12-24 11:18:06','2021-12-24 11:18:06'),(37,4,3,9,2,-6.236,'2021-12-24 11:18:16','2021-12-24 11:18:16'),(38,4,23,6,3,3.236,'2021-12-24 11:18:23','2021-12-24 11:18:23'),(39,4,23,12,8,36.236,'2021-12-24 11:18:29','2021-12-24 11:18:29'),(40,4,3,4,5,0.958,'2021-12-24 11:18:37','2021-12-24 11:18:37'),(41,4,3,7,7,-2.326,'2021-12-24 11:18:44','2021-12-24 11:18:44'),(42,7,3,9,2,-0.001,'2021-12-24 11:20:08','2021-12-24 11:20:08'),(43,7,3,3,1,2.369,'2021-12-24 11:20:13','2021-12-24 11:20:13'),(44,7,25,6,3,2.036,'2021-12-24 11:20:19','2021-12-24 11:20:19'),(45,7,25,12,8,32.236,'2021-12-24 11:20:27','2021-12-24 11:20:27'),(46,7,3,4,5,1.023,'2021-12-24 11:20:33','2021-12-24 11:20:33'),(47,7,25,11,6,-0.236,'2021-12-24 11:20:39','2021-12-24 11:20:39'),(48,7,3,3,1,5.236,'2021-12-24 11:20:45','2021-12-24 11:20:45'),(49,7,25,6,3,2.036,'2021-12-24 11:20:50','2021-12-24 11:20:50'),(50,7,3,9,2,-0.236,'2021-12-24 11:21:06','2021-12-24 11:21:06'),(51,7,3,3,1,0.001,'2021-12-24 11:21:13','2021-12-24 11:21:13'),(52,9,3,3,1,2.236,'2021-12-24 11:28:58','2021-12-24 11:28:58'),(53,10,3,3,1,6.236,'2021-12-24 11:29:15','2021-12-24 11:29:15'),(54,11,3,3,1,3.203,'2021-12-25 06:16:29','2021-12-25 06:16:29'),(55,12,3,3,1,5.236,'2021-12-25 06:16:51','2021-12-25 06:16:51'),(56,10,3,9,2,-2.236,'2021-12-25 06:17:08','2021-12-25 06:17:08'),(57,10,3,9,2,-2.236,'2021-12-25 06:17:14','2021-12-25 06:17:14'),(58,10,23,12,8,50.236,'2021-12-25 06:17:23','2021-12-25 06:17:23'),(59,10,3,4,5,0.16,'2021-12-25 06:17:28','2021-12-25 06:17:28'),(60,10,3,3,1,0.53,'2021-12-25 06:17:56','2021-12-25 06:17:56'),(61,10,23,11,6,-0.023,'2021-12-25 06:19:54','2021-12-25 06:19:54'),(62,10,3,3,1,1.236,'2021-12-25 06:20:10','2021-12-25 06:20:10'),(63,9,3,3,1,1.236,'2021-12-25 06:20:48','2021-12-25 06:20:48'),(64,9,3,3,1,0.56,'2021-12-25 06:22:14','2021-12-25 06:22:14'),(65,9,3,9,2,-0.001,'2021-12-25 06:22:20','2021-12-25 06:22:20'),(66,9,22,6,3,2.369,'2021-12-25 06:22:58','2021-12-25 06:22:58'),(67,9,22,12,8,25.362,'2021-12-25 06:23:09','2021-12-25 06:23:09'),(68,13,3,3,1,4.524,'2021-12-25 06:34:28','2021-12-25 06:34:28'),(69,14,3,3,1,3.232,'2021-12-25 06:35:43','2021-12-25 06:35:43'),(70,11,3,3,1,2.236,'2021-12-25 06:37:47','2021-12-25 06:37:47'),(71,11,3,9,2,-0.259,'2021-12-25 06:38:36','2021-12-25 06:38:36'),(72,11,3,9,2,-1.236,'2021-12-25 06:38:41','2021-12-25 06:38:41'),(73,1,3,7,7,-7.213,'2021-12-25 06:45:11','2021-12-25 06:45:11'),(74,15,3,3,1,5.236,'2021-12-27 04:46:38','2021-12-27 04:46:38'),(75,13,3,9,2,-0.256,'2021-12-27 04:53:45','2021-12-27 04:53:45'),(76,13,22,6,3,2.236,'2021-12-27 04:54:03','2021-12-27 04:54:03'),(77,13,22,12,8,65.236,'2021-12-27 04:54:11','2021-12-27 04:54:11'),(78,13,3,4,5,0.256,'2021-12-27 04:54:17','2021-12-27 04:54:17'),(79,13,3,3,1,1.236,'2021-12-27 04:54:26','2021-12-27 04:54:26'),(80,13,3,9,2,-0.563,'2021-12-27 04:54:38','2021-12-27 04:54:38'),(81,13,3,3,1,0.635,'2021-12-27 04:54:50','2021-12-27 04:54:50'),(82,13,22,11,6,-0.023,'2021-12-27 04:55:07','2021-12-27 04:55:07'),(83,13,3,7,7,-2.236,'2021-12-27 04:55:17','2021-12-27 04:55:17'),(84,13,3,9,2,-0.236,'2021-12-27 04:55:25','2021-12-27 04:55:25'),(85,16,3,3,1,3.902,'2021-12-27 04:59:43','2021-12-27 04:59:43'),(86,17,3,3,1,4.236,'2021-12-27 05:00:16','2021-12-27 05:00:16'),(87,18,3,3,1,6.236,'2021-12-27 05:00:45','2021-12-27 05:00:45'),(88,19,3,3,1,5.263,'2021-12-27 05:00:58','2021-12-27 05:00:58'),(89,20,3,3,1,6.259,'2021-12-27 05:02:21','2021-12-27 05:02:21'),(90,3,3,3,1,0.698,'2021-12-27 05:02:53','2021-12-27 05:02:53'),(91,3,3,3,1,0.659,'2021-12-27 05:03:55','2021-12-27 05:03:55'),(92,3,3,9,2,-1.269,'2021-12-27 05:04:19','2021-12-27 05:04:19'),(93,3,3,9,2,-0.965,'2021-12-27 05:04:42','2021-12-27 05:04:42'),(94,3,19,6,3,2.369,'2021-12-27 05:04:51','2021-12-27 05:04:51'),(95,3,19,12,8,32.023,'2021-12-27 05:04:58','2021-12-27 05:04:58'),(96,21,3,3,1,6.235,'2021-12-27 06:00:38','2021-12-27 06:00:38'),(97,22,3,3,1,3.625,'2021-12-27 06:01:03','2021-12-27 06:01:03'),(98,22,3,9,2,-0.001,'2021-12-27 06:01:56','2021-12-27 06:01:56'),(99,22,25,6,3,2.369,'2021-12-27 06:02:01','2021-12-27 06:02:01'),(100,22,25,12,8,25.256,'2021-12-27 06:02:08','2021-12-27 06:02:08'),(101,22,3,4,5,0.659,'2021-12-27 06:02:15','2021-12-27 06:02:15'),(102,22,25,11,6,-0.023,'2021-12-27 06:02:19','2021-12-27 06:02:19'),(103,22,3,7,7,-2.148,'2021-12-27 06:02:25','2021-12-27 06:02:25'),(104,23,3,3,1,9.256,'2021-12-28 04:21:52','2021-12-28 04:21:52'),(105,12,3,3,1,0.698,'2021-12-28 07:07:20','2021-12-28 07:07:20'),(106,12,3,3,1,2.236,'2021-12-28 07:07:25','2021-12-28 07:07:25'),(107,12,3,9,2,-4.236,'2021-12-28 07:07:31','2021-12-28 07:07:31'),(108,24,3,3,1,8.562,'2021-12-28 10:36:49','2021-12-28 10:36:49'),(109,25,3,3,1,3.325,'2021-12-28 10:37:07','2021-12-28 10:37:07'),(110,25,3,3,1,2.236,'2021-12-28 10:37:38','2021-12-28 10:37:38'),(111,25,3,3,1,0.236,'2021-12-28 10:37:46','2021-12-28 10:37:46'),(112,25,3,9,2,-3.236,'2021-12-28 10:37:54','2021-12-28 10:37:54'),(113,25,24,6,3,4.236,'2021-12-28 10:38:02','2021-12-28 10:38:02'),(114,25,24,12,8,43.236,'2021-12-28 10:38:10','2021-12-28 10:38:10'),(115,25,3,4,5,0.209,'2021-12-28 10:38:17','2021-12-28 10:38:17'),(116,25,3,7,7,-1.203,'2021-12-28 10:38:25','2021-12-28 10:38:25'),(117,25,3,3,1,0.102,'2021-12-28 10:38:45','2021-12-28 10:38:45'),(118,26,3,3,1,6.985,'2021-12-28 10:43:43','2021-12-28 10:43:43'),(119,5,3,9,2,-2.536,'2021-12-30 06:08:29','2021-12-30 06:08:29'),(120,5,3,3,1,3.269,'2021-12-30 06:08:45','2021-12-30 06:08:45'),(121,5,14,6,3,3.269,'2021-12-30 06:08:52','2021-12-30 06:08:52'),(122,5,14,12,8,23.236,'2021-12-30 06:09:10','2021-12-30 06:09:10'),(123,5,3,3,1,0.234,'2021-12-30 06:09:20','2021-12-30 06:09:20'),(124,5,3,3,1,0.12,'2021-12-30 06:09:33','2021-12-30 06:09:33'),(125,5,3,4,5,0.369,'2021-12-30 07:39:14','2021-12-30 07:39:14'),(126,5,14,11,6,-0.069,'2021-12-30 07:39:21','2021-12-30 07:39:21'),(127,5,3,4,5,0.569,'2021-12-30 07:39:29','2021-12-30 07:39:29'),(128,5,3,7,7,-2.145,'2021-12-30 07:39:37','2021-12-30 07:39:37'),(129,10,3,7,7,-2.178,'2021-12-30 07:40:35','2021-12-30 07:40:35'),(130,20,3,9,2,-0.001,'2021-12-30 07:41:32','2021-12-30 07:41:32'),(131,20,21,6,3,3.236,'2021-12-30 07:41:37','2021-12-30 07:41:37'),(132,20,21,12,8,32.147,'2021-12-30 07:41:47','2021-12-30 07:41:47'),(133,20,3,4,5,0.236,'2021-12-30 07:41:53','2021-12-30 07:41:53'),(134,20,3,4,5,0.459,'2021-12-30 07:42:00','2021-12-30 07:42:00'),(135,20,21,11,6,-0.23,'2021-12-30 07:42:06','2021-12-30 07:42:06'),(136,20,3,4,5,0.458,'2021-12-30 07:42:11','2021-12-30 07:42:11'),(137,20,3,3,1,2.369,'2021-12-30 07:42:17','2021-12-30 07:42:17'),(138,20,3,9,2,-0.998,'2021-12-30 07:42:29','2021-12-30 07:42:29'),(139,20,3,7,7,-4.236,'2021-12-30 07:42:35','2021-12-30 07:42:35'),(140,3,3,4,5,2.365,'2021-12-30 07:43:07','2021-12-30 07:43:07'),(141,3,19,11,6,-0.149,'2021-12-30 07:43:12','2021-12-30 07:43:12'),(142,3,3,3,1,0.159,'2021-12-30 07:43:22','2021-12-30 07:43:22'),(143,3,3,7,7,-3.216,'2021-12-30 07:43:29','2021-12-30 07:43:29'),(144,27,3,3,1,6.989,'2021-12-30 07:44:16','2021-12-30 07:44:16'),(145,28,3,3,1,7.259,'2021-12-30 07:44:36','2021-12-30 07:44:36'),(146,28,3,9,2,-2.236,'2021-12-30 07:44:58','2021-12-30 07:44:58'),(147,28,3,3,1,0.896,'2021-12-30 07:45:04','2021-12-30 07:45:04'),(148,28,23,6,3,2.369,'2021-12-30 07:45:12','2021-12-30 07:45:12'),(149,28,23,12,8,65.239,'2021-12-30 07:45:18','2021-12-30 07:45:18'),(150,28,3,4,5,0.652,'2021-12-30 07:45:25','2021-12-30 07:45:25'),(151,28,23,11,6,-0.258,'2021-12-30 07:45:31','2021-12-30 07:45:31'),(152,28,3,3,1,0.596,'2021-12-30 07:45:37','2021-12-30 07:45:37'),(153,28,3,3,1,0.233,'2021-12-30 07:45:44','2021-12-30 07:45:44'),(154,28,3,9,2,-1.234,'2021-12-30 07:45:55','2021-12-30 07:45:55'),(155,28,3,7,7,-2.367,'2021-12-30 07:46:08','2021-12-30 07:46:08'),(156,7,3,7,7,-7.859,'2021-12-30 07:47:24','2021-12-30 07:47:24'),(157,29,3,3,1,6.126,'2022-01-01 06:42:17','2022-01-01 06:42:17'),(158,30,3,3,1,3.904,'2022-01-01 06:44:39','2022-01-01 06:44:39'),(159,30,3,9,2,-0.236,'2022-01-01 06:44:56','2022-01-01 06:44:56'),(160,30,3,3,1,0.148,'2022-01-01 06:45:01','2022-01-01 06:45:01'),(161,30,3,3,1,0.695,'2022-01-01 06:45:06','2022-01-01 06:45:06'),(162,30,3,3,1,0.789,'2022-01-01 06:45:11','2022-01-01 06:45:11'),(163,30,3,9,2,-1.569,'2022-01-01 06:45:22','2022-01-01 06:45:22'),(164,30,21,6,3,2.687,'2022-01-01 06:45:29','2022-01-01 06:45:29'),(165,30,21,12,8,78.256,'2022-01-01 06:45:36','2022-01-01 06:45:36'),(166,30,3,4,5,0.256,'2022-01-01 06:45:42','2022-01-01 06:45:42'),(167,30,3,7,7,-0.789,'2022-01-01 06:45:48','2022-01-01 06:45:48'),(168,31,3,3,1,4.569,'2022-01-01 06:46:29','2022-01-01 06:46:29'),(169,6,3,3,1,0.698,'2022-01-01 06:46:43','2022-01-01 06:46:43'),(170,15,3,9,2,-0.236,'2022-01-01 06:50:08','2022-01-01 06:50:08'),(171,15,3,3,1,0.299,'2022-01-01 06:50:22','2022-01-01 06:50:22'),(172,15,3,3,1,0.789,'2022-01-01 06:50:31','2022-01-01 06:50:31'),(173,15,3,9,2,-3.269,'2022-01-01 06:50:45','2022-01-01 06:50:45'),(174,32,3,3,1,6.239,'2022-01-04 03:41:21','2022-01-04 03:41:21'),(175,33,3,3,1,1.236,'2022-01-04 03:41:36','2022-01-04 03:41:36'),(176,19,3,3,1,2.369,'2022-01-04 03:41:51','2022-01-04 03:41:51'),(177,19,3,3,1,0.245,'2022-01-04 03:41:55','2022-01-04 03:41:55'),(178,19,3,9,2,-1.236,'2022-01-04 03:42:02','2022-01-04 03:42:02'),(179,19,18,6,3,2.364,'2022-01-04 03:42:09','2022-01-04 03:42:09'),(180,19,18,12,8,74.156,'2022-01-04 03:42:16','2022-01-04 03:42:16'),(181,19,3,4,5,0.849,'2022-01-04 03:42:22','2022-01-04 03:42:22'),(182,19,3,7,7,-3.265,'2022-01-04 03:42:36','2022-01-04 03:42:36'),(183,14,3,3,1,2.365,'2022-01-04 03:43:18','2022-01-04 03:43:18'),(184,14,3,3,1,1.235,'2022-01-04 03:43:24','2022-01-04 03:43:24'),(185,14,3,3,1,0.987,'2022-01-04 03:43:31','2022-01-04 03:43:31'),(186,14,3,3,1,1.245,'2022-01-04 03:43:36','2022-01-04 03:43:36'),(187,14,3,3,1,0.236,'2022-01-04 03:43:42','2022-01-04 03:43:42'),(188,14,3,9,2,-0.598,'2022-01-04 03:45:20','2022-01-04 03:45:20'),(189,14,3,9,2,-0.359,'2022-01-04 03:45:33','2022-01-04 03:45:33'),(190,14,3,9,2,-0.459,'2022-01-04 03:45:38','2022-01-04 03:45:38'),(191,14,23,6,3,3.265,'2022-01-04 03:45:47','2022-01-04 03:45:47'),(192,14,23,12,8,78.958,'2022-01-04 03:45:54','2022-01-04 03:45:54'),(193,14,3,4,5,0.356,'2022-01-04 03:46:00','2022-01-04 03:46:00'),(194,14,3,7,7,-1.548,'2022-01-04 03:46:14','2022-01-04 03:46:14'),(195,34,3,3,1,4.256,'2022-01-04 03:48:39','2022-01-04 03:48:39'),(196,23,3,3,1,0.259,'2022-01-04 03:49:16','2022-01-04 03:49:16'),(197,23,3,3,1,0.598,'2022-01-04 03:49:25','2022-01-04 03:49:25'),(198,23,3,9,2,-2.365,'2022-01-04 03:49:37','2022-01-04 03:49:37'),(199,23,23,6,3,0.986,'2022-01-04 03:50:08','2022-01-04 03:50:08'),(200,23,23,12,8,62.365,'2022-01-04 03:50:28','2022-01-04 03:50:28'),(201,23,3,4,5,0.365,'2022-01-04 03:50:39','2022-01-04 03:50:39'),(202,23,23,11,6,-0.124,'2022-01-04 03:50:48','2022-01-04 03:50:48'),(203,23,3,4,5,0.425,'2022-01-04 03:50:57','2022-01-04 03:50:57'),(204,23,3,4,5,0.215,'2022-01-04 03:51:05','2022-01-04 03:51:05'),(205,23,23,11,6,-0.259,'2022-01-04 03:51:24','2022-01-04 03:51:24'),(206,23,23,11,6,-0.425,'2022-01-04 03:51:31','2022-01-04 03:51:31'),(207,23,3,7,7,-2.365,'2022-01-04 03:52:43','2022-01-04 03:52:43'),(208,27,3,3,1,0.256,'2022-01-04 03:57:12','2022-01-04 03:57:12'),(209,27,3,3,1,-695,'2022-01-04 03:57:43','2022-01-04 03:57:43'),(210,27,3,3,1,687,'2022-01-04 03:57:57','2022-01-04 03:57:57'),(211,27,3,9,2,-0.236,'2022-01-04 03:58:27','2022-01-04 03:58:27'),(212,27,18,12,8,2.265,'2022-01-04 03:58:33','2022-01-04 03:58:33'),(213,27,3,4,5,0.536,'2022-01-04 03:58:40','2022-01-04 03:58:40'),(214,27,3,7,7,-1.236,'2022-01-04 03:58:48','2022-01-04 03:58:48'),(215,27,18,12,8,22.565,'2022-01-04 03:59:02','2022-01-04 03:59:02'),(216,17,3,3,1,1.236,'2022-01-04 05:44:28','2022-01-04 05:44:28'),(217,17,3,3,1,0.236,'2022-01-04 05:44:32','2022-01-04 05:44:32'),(218,17,3,3,1,0.459,'2022-01-04 05:44:38','2022-01-04 05:44:38'),(219,17,3,9,2,-1.236,'2022-01-04 05:44:44','2022-01-04 05:44:44'),(220,17,3,4,5,0.569,'2022-01-04 05:45:05','2022-01-04 05:45:05'),(221,17,20,11,6,-0.125,'2022-01-04 05:45:15','2022-01-04 05:45:15'),(222,17,20,6,3,0.987,'2022-01-04 05:45:33','2022-01-04 05:45:33'),(223,17,20,12,8,78.569,'2022-01-04 05:45:43','2022-01-04 05:45:43'),(224,17,3,3,1,0.248,'2022-01-04 05:46:11','2022-01-04 05:46:11'),(225,35,3,3,1,4.365,'2022-01-07 06:28:24','2022-01-07 06:28:24'),(226,36,3,3,1,3.698,'2022-01-07 06:28:37','2022-01-07 06:28:37'),(227,37,3,3,1,10.987,'2022-01-07 06:29:05','2022-01-07 06:29:05'),(228,38,3,3,1,3.698,'2022-01-07 06:29:19','2022-01-07 06:29:19'),(229,39,3,3,1,6.987,'2022-01-07 06:29:33','2022-01-07 06:29:33'),(230,40,3,3,1,4.236,'2022-01-07 06:29:47','2022-01-07 06:29:47'),(231,41,3,3,1,4.2,'2022-01-07 06:30:04','2022-01-07 06:30:04'),(232,41,3,9,2,-0.269,'2022-01-07 06:30:24','2022-01-07 06:30:24'),(233,41,3,3,1,1.236,'2022-01-07 06:30:29','2022-01-07 06:30:29'),(234,41,3,3,1,0.369,'2022-01-07 06:30:33','2022-01-07 06:30:33'),(235,41,3,3,1,0.548,'2022-01-07 06:30:36','2022-01-07 06:30:36'),(236,41,21,6,3,2.369,'2022-01-07 06:30:43','2022-01-07 06:30:43'),(237,41,21,12,8,45.245,'2022-01-07 06:30:48','2022-01-07 06:30:48'),(238,41,3,4,5,0.269,'2022-01-07 06:30:54','2022-01-07 06:30:54'),(239,41,3,7,7,-2.36,'2022-01-07 06:31:04','2022-01-07 06:31:04'),(240,40,3,3,1,0.267,'2022-01-07 06:31:29','2022-01-07 06:31:29'),(241,40,3,3,1,0.459,'2022-01-07 06:31:33','2022-01-07 06:31:33'),(242,40,3,3,1,0.548,'2022-01-07 06:31:36','2022-01-07 06:31:36'),(243,40,3,9,2,-0.259,'2022-01-07 06:31:42','2022-01-07 06:31:42'),(244,40,23,6,3,3.25,'2022-01-07 06:31:47','2022-01-07 06:31:47'),(245,40,23,12,8,45.147,'2022-01-07 06:31:53','2022-01-07 06:31:53'),(246,40,3,4,5,0.247,'2022-01-07 06:31:59','2022-01-07 06:31:59'),(247,40,3,7,7,-1.245,'2022-01-07 06:32:06','2022-01-07 06:32:06'),(248,39,3,9,2,-0.269,'2022-01-07 06:32:26','2022-01-07 06:32:26'),(249,39,22,6,3,1.236,'2022-01-07 06:32:30','2022-01-07 06:32:30'),(250,39,22,12,8,27.245,'2022-01-07 06:32:36','2022-01-07 06:32:36'),(251,39,3,4,5,0.458,'2022-01-07 06:32:41','2022-01-07 06:32:41'),(252,39,22,11,6,-0.21,'2022-01-07 06:32:48','2022-01-07 06:32:48'),(253,39,3,4,5,0.12,'2022-01-07 06:32:54','2022-01-07 06:32:54'),(254,39,3,7,7,-0.987,'2022-01-07 06:33:02','2022-01-07 06:33:02'),(255,38,3,9,2,-0.458,'2022-01-07 06:33:27','2022-01-07 06:33:27'),(256,38,21,6,3,1.254,'2022-01-07 06:33:34','2022-01-07 06:33:34'),(257,38,21,12,8,26.325,'2022-01-07 06:33:39','2022-01-07 06:33:39'),(258,38,3,4,5,0.236,'2022-01-07 06:33:43','2022-01-07 06:33:43'),(259,38,3,3,1,1.256,'2022-01-07 06:33:49','2022-01-07 06:33:49'),(260,38,3,9,2,-0.256,'2022-01-07 06:33:53','2022-01-07 06:33:53'),(261,38,21,11,6,-0.1,'2022-01-07 06:34:02','2022-01-07 06:34:02'),(262,38,3,4,5,0.145,'2022-01-07 06:34:07','2022-01-07 06:34:07'),(263,38,3,7,7,-2.103,'2022-01-07 06:34:14','2022-01-07 06:34:14'),(264,37,3,3,1,0.259,'2022-01-07 06:34:42','2022-01-07 06:34:42'),(265,37,3,3,1,0.789,'2022-01-07 06:34:46','2022-01-07 06:34:46'),(266,37,3,9,2,-1.235,'2022-01-07 06:34:55','2022-01-07 06:34:55'),(267,37,20,6,3,4.569,'2022-01-07 06:35:00','2022-01-07 06:35:00'),(268,37,20,12,8,54.547,'2022-01-07 06:35:05','2022-01-07 06:35:05'),(269,37,3,4,5,0.587,'2022-01-07 06:35:11','2022-01-07 06:35:11'),(270,37,20,11,6,-0.01,'2022-01-07 06:35:17','2022-01-07 06:35:17'),(271,37,3,7,7,-3.214,'2022-01-07 06:35:30','2022-01-07 06:35:30'),(272,35,3,9,2,-0.984,'2022-01-07 06:36:10','2022-01-07 06:36:10'),(273,35,15,6,3,2.321,'2022-01-07 06:36:15','2022-01-07 06:36:15'),(274,35,15,12,8,45.154,'2022-01-07 06:36:21','2022-01-07 06:36:21'),(275,35,3,4,5,0.284,'2022-01-07 06:36:26','2022-01-07 06:36:26'),(276,35,3,7,7,-0.97,'2022-01-07 06:36:35','2022-01-07 06:36:35'),(277,42,3,3,1,3.256,'2022-01-07 06:38:36','2022-01-07 06:38:36'),(278,43,3,3,1,3.215,'2022-01-07 06:38:50','2022-01-07 06:38:50'),(279,43,3,3,1,1.259,'2022-01-07 06:39:14','2022-01-07 06:39:14'),(280,43,3,3,1,1.698,'2022-01-07 06:39:19','2022-01-07 06:39:19'),(281,43,3,3,1,0.987,'2022-01-07 06:39:24','2022-01-07 06:39:24'),(282,43,3,9,2,-0.5,'2022-01-07 06:39:31','2022-01-07 06:39:31'),(283,43,15,6,3,2.145,'2022-01-07 06:39:35','2022-01-07 06:39:35'),(284,43,15,12,8,65.548,'2022-01-07 06:39:41','2022-01-07 06:39:41'),(285,43,3,4,5,0.456,'2022-01-07 06:39:46','2022-01-07 06:39:46'),(286,43,15,11,6,-0.26,'2022-01-07 06:39:53','2022-01-07 06:39:53'),(287,43,3,4,5,0.126,'2022-01-07 06:39:58','2022-01-07 06:39:58'),(288,43,3,7,7,-2.365,'2022-01-07 06:40:08','2022-01-07 06:40:08'),(289,42,3,9,2,-0.265,'2022-01-07 06:40:34','2022-01-07 06:40:34'),(290,42,3,3,1,3.215,'2022-01-07 06:40:38','2022-01-07 06:40:38'),(291,42,16,6,3,1.256,'2022-01-07 06:40:45','2022-01-07 06:40:45'),(292,42,16,12,8,25.325,'2022-01-07 06:40:50','2022-01-07 06:40:50'),(293,42,3,4,5,0.245,'2022-01-07 06:40:55','2022-01-07 06:40:55'),(294,42,3,7,7,-1.254,'2022-01-07 06:41:02','2022-01-07 06:41:02'),(295,36,3,9,2,-0.402,'2022-01-07 06:41:28','2022-01-07 06:41:28'),(296,36,21,6,3,2.236,'2022-01-07 06:41:33','2022-01-07 06:41:33'),(297,36,21,12,8,45.154,'2022-01-07 06:41:38','2022-01-07 06:41:38'),(298,36,3,4,5,0.16,'2022-01-07 06:41:43','2022-01-07 06:41:43'),(299,36,3,7,7,-0.987,'2022-01-07 06:41:48','2022-01-07 06:41:48');
/*!40000 ALTER TABLE `job_details` ENABLE KEYS */;
UNLOCK TABLES;

--
-- Table structure for table `job_masters`
--

DROP TABLE IF EXISTS `job_masters`;
/*!40101 SET @saved_cs_client     = @@character_set_client */;
/*!50503 SET character_set_client = utf8mb4 */;
CREATE TABLE `job_masters` (
  `id` bigint unsigned NOT NULL AUTO_INCREMENT,
  `job_number` varchar(255) COLLATE utf8mb4_unicode_ci NOT NULL,
  `tag` varchar(10) COLLATE utf8mb4_unicode_ci NOT NULL,
  `date` date NOT NULL,
  `product_id` bigint unsigned NOT NULL,
  `karigarh_id` bigint unsigned NOT NULL,
  `order_details_id` bigint unsigned NOT NULL,
  `status_id` bigint unsigned NOT NULL DEFAULT '1',
  `gross_weight` double NOT NULL DEFAULT '0',
  `bill_created` int NOT NULL DEFAULT '0',
  `cust_mv` double NOT NULL DEFAULT '0',
  `product_mv` double NOT NULL DEFAULT '0',
  `ploss` double NOT NULL DEFAULT '0',
  `quantity` int NOT NULL DEFAULT '0',
  `price` int NOT NULL DEFAULT '0',
  `created_at` timestamp NULL DEFAULT NULL,
  `updated_at` timestamp NULL DEFAULT NULL,
  PRIMARY KEY (`id`),
  KEY `job_masters_product_id_foreign` (`product_id`),
  KEY `job_masters_karigarh_id_foreign` (`karigarh_id`),
  KEY `job_masters_order_details_id_foreign` (`order_details_id`),
  KEY `job_masters_status_id_foreign` (`status_id`),
  CONSTRAINT `job_masters_karigarh_id_foreign` FOREIGN KEY (`karigarh_id`) REFERENCES `people` (`id`),
  CONSTRAINT `job_masters_order_details_id_foreign` FOREIGN KEY (`order_details_id`) REFERENCES `order_details` (`id`),
  CONSTRAINT `job_masters_product_id_foreign` FOREIGN KEY (`product_id`) REFERENCES `products` (`id`),
  CONSTRAINT `job_masters_status_id_foreign` FOREIGN KEY (`status_id`) REFERENCES `status_types` (`id`)
) ENGINE=InnoDB AUTO_INCREMENT=44 DEFAULT CHARSET=utf8mb4 COLLATE=utf8mb4_unicode_ci;
/*!40101 SET character_set_client = @saved_cs_client */;

--
-- Dumping data for table `job_masters`
--

LOCK TABLES `job_masters` WRITE;
/*!40000 ALTER TABLE `job_masters` DISABLE KEYS */;
INSERT INTO `job_masters` VALUES (1,'JOB-00001-2122','A0001','2021-12-24',85,19,18,100,30.215,0,0.22,0.05,0.375,1,760,'2021-12-24 10:55:34','2021-12-25 06:45:39'),(2,'JOB-00002-2122','A0002','2021-12-24',65,18,19,1,0,0,0.22,0.05,0.355,2,740,'2021-12-24 10:55:50','2021-12-24 10:55:50'),(3,'JOB-00003-2122','A0003','2021-12-24',59,19,20,100,33.256,0,0.22,0.05,0.355,2,740,'2021-12-24 10:56:08','2021-12-30 07:43:43'),(4,'JOB-00004-2122','A0004','2021-12-24',108,23,17,100,33.236,0,0.22,0.05,0.179,2,380,'2021-12-24 10:56:26','2021-12-24 11:18:51'),(5,'JOB-00005-2122','A0005','2021-12-24',100,14,12,100,20.236,0,0.22,0.05,0.269,1,560,'2021-12-24 11:01:55','2021-12-30 07:39:58'),(6,'JOB-00006-2122','A0006','2021-12-24',1606,15,13,1,0,0,0.22,0.05,0.179,1,380,'2021-12-24 11:02:09','2021-12-24 11:02:09'),(7,'JOB-00007-2122','A0007','2021-12-24',104,25,14,100,30.259,0,0.22,0.05,0.269,1,560,'2021-12-24 11:02:25','2021-12-30 07:47:34'),(8,'JOB-00008-2122','A0008','2021-12-24',103,17,15,1,0,0,0.22,0.05,0.269,1,560,'2021-12-24 11:02:40','2021-12-24 11:02:40'),(9,'JOB-00009-2122','A0009','2021-12-24',2602,22,1,1,0,0,0.22,0.05,0.699,2,620,'2021-12-24 11:28:58','2021-12-24 11:28:58'),(10,'JOB-00010-2122','A0010','2021-12-24',2620,23,2,100,44.259,0,0.22,0.05,0.259,2,540,'2021-12-24 11:29:15','2021-12-30 07:40:43'),(11,'JOB-00011-2122','A0011','2021-12-25',2273,21,3,1,0,0,0.22,0.05,0.259,2,540,'2021-12-25 06:16:29','2021-12-25 06:16:29'),(12,'JOB-00012-2122','A0012','2021-12-25',106,23,6,1,0,0,0.22,0.05,0.189,4,400,'2021-12-25 06:16:51','2021-12-25 06:16:51'),(13,'JOB-00013-2122','A0013','2021-12-25',1970,22,9,100,55.256,0,0.22,0.05,0.259,2,540,'2021-12-25 06:34:28','2021-12-27 04:55:37'),(14,'JOB-00014-2122','A0014','2021-12-25',1920,23,8,100,58.698,0,0.22,0.05,0.189,6,400,'2021-12-25 06:35:43','2022-01-04 03:46:26'),(15,'JOB-00015-2122','A0015','2021-12-27',104,15,16,1,0,0,0.22,0.05,0.269,1,560,'2021-12-27 04:46:38','2021-12-27 04:46:38'),(16,'JOB-00016-2122','A0016','2021-12-27',114,21,21,1,0,0,0.22,0.05,0.179,2,380,'2021-12-27 04:59:43','2021-12-27 04:59:43'),(17,'JOB-00017-2122','A0017','2021-12-27',1920,20,22,1,0,0,0.22,0.05,0.189,4,400,'2021-12-27 05:00:16','2021-12-27 05:00:16'),(18,'JOB-00018-2122','A0018','2021-12-27',1956,22,23,1,0,0,0.22,0.05,0.249,2,520,'2021-12-27 05:00:45','2021-12-27 05:00:45'),(19,'JOB-00019-2122','A0019','2021-12-27',2664,18,24,100,55.656,0,0.22,0.05,0.179,2,380,'2021-12-27 05:00:58','2022-01-04 03:42:45'),(20,'JOB-00020-2122','A0020','2021-12-27',1067,21,10,100,25.365,0,0.22,0.05,0.259,2,540,'2021-12-27 05:02:21','2021-12-30 07:42:45'),(21,'JOB-00021-2122','A0021','2021-12-27',100,16,30,1,0,0,0.22,0.05,0.269,1,560,'2021-12-27 06:00:38','2021-12-27 06:00:38'),(22,'JOB-00022-2122','A0022','2021-12-27',1592,25,29,100,33.236,0,0.22,0.05,0.179,1,380,'2021-12-27 06:01:03','2021-12-27 06:02:37'),(23,'JOB-00023-2122','A0023','2021-12-28',371,23,7,100,45.264,0,0.22,0.05,0.199,4,420,'2021-12-28 04:21:52','2022-01-04 03:53:03'),(24,'JOB-00024-2122','A0024','2021-12-28',226,20,32,1,0,0,0.22,0.05,0.179,5,380,'2021-12-28 10:36:49','2021-12-28 10:36:49'),(25,'JOB-00025-2122','A0025','2021-12-28',2178,24,33,1,0,0,0.22,0.05,0.249,2,520,'2021-12-28 10:37:07','2021-12-28 10:37:07'),(26,'JOB-00026-2122','A0026','2021-12-28',1621,23,11,1,0,0,0.22,0.05,0.189,4,400,'2021-12-28 10:43:43','2021-12-28 10:43:43'),(27,'JOB-00027-2122','A0027','2021-12-30',65,18,25,100,20.236,0,0.22,0.05,0.355,2,740,'2021-12-30 07:44:16','2022-01-04 03:59:09'),(28,'JOB-00028-2122','A0028','2021-12-30',1642,23,26,100,49.569,0,0.22,0.05,0.189,6,400,'2021-12-30 07:44:36','2021-12-30 07:46:17'),(29,'JOB-00029-2122','A0029','2022-01-01',107,23,41,1,0,0,0.22,0.05,0.189,4,400,'2022-01-01 06:42:17','2022-01-01 06:42:17'),(30,'JOB-00030-2122','A0030','2022-01-01',1802,21,42,100,58.237,0,0.22,0.05,0.269,2,560,'2022-01-01 06:44:39','2022-01-01 06:45:57'),(31,'JOB-00031-2122','A0031','2022-01-01',103,15,35,1,0,0,0.22,0.05,0.269,1,560,'2022-01-01 06:46:29','2022-01-01 06:46:29'),(32,'JOB-00032-2122','A0032','2022-01-04',2153,16,34,1,0,0,0.22,0.05,0.249,3,520,'2022-01-04 03:41:21','2022-01-04 03:41:21'),(33,'JOB-00033-2122','A0033','2022-01-04',1989,18,36,1,0,0,0.22,0.05,0.249,2,520,'2022-01-04 03:41:36','2022-01-04 03:41:36'),(34,'JOB-00034-2122','A0034','2022-01-04',102,14,31,1,0,0,0.22,0.05,0.269,1,560,'2022-01-04 03:48:39','2022-01-04 03:48:39'),(35,'JOB-00035-2122','A0035','2022-01-07',192,15,45,100,33.125,0,0.22,0.05,0.189,1,400,'2022-01-07 06:28:24','2022-01-07 06:36:47'),(36,'JOB-00036-2122','A0036','2022-01-07',106,21,46,100,25.265,0,0.22,0.05,0.189,2,400,'2022-01-07 06:28:37','2022-01-07 06:41:59'),(37,'JOB-00037-2122','A0037','2022-01-07',114,20,49,100,44.154,0,0.22,0.05,0.179,8,380,'2022-01-07 06:29:05','2022-01-07 06:35:39'),(38,'JOB-00038-2122','A0038','2022-01-07',106,21,50,100,15.246,0,0.22,0.05,0.189,4,400,'2022-01-07 06:29:19','2022-01-07 06:34:22'),(39,'JOB-00039-2122','A0039','2022-01-07',1799,22,51,100,20.022,0,0.22,0.05,0.259,2,540,'2022-01-07 06:29:33','2022-01-07 06:33:14'),(40,'JOB-00040-2122','A0040','2022-01-07',1962,23,52,100,40.256,0,0.22,0.05,0.259,2,540,'2022-01-07 06:29:47','2022-01-07 06:32:12'),(41,'JOB-00041-2122','A0041','2022-01-07',107,21,53,100,40.213,0,0.22,0.05,0.189,2,400,'2022-01-07 06:30:04','2022-01-07 06:31:11'),(42,'JOB-00042-2122','A0042','2022-01-07',114,16,47,100,20.234,0,0.22,0.05,0.179,3,380,'2022-01-07 06:38:36','2022-01-07 06:41:13'),(43,'JOB-00043-2122','A0043','2022-01-07',107,15,48,100,45.214,0,0.22,0.05,0.189,4,400,'2022-01-07 06:38:50','2022-01-07 06:40:18');
/*!40000 ALTER TABLE `job_masters` ENABLE KEYS */;
UNLOCK TABLES;

--
-- Table structure for table `job_tasks`
--

DROP TABLE IF EXISTS `job_tasks`;
/*!40101 SET @saved_cs_client     = @@character_set_client */;
/*!50503 SET character_set_client = utf8mb4 */;
CREATE TABLE `job_tasks` (
  `id` bigint unsigned NOT NULL AUTO_INCREMENT,
  `task_name` varchar(255) COLLATE utf8mb4_unicode_ci NOT NULL,
  `inforced` tinyint NOT NULL DEFAULT '1',
  `created_at` timestamp NULL DEFAULT NULL,
  `updated_at` timestamp NULL DEFAULT NULL,
  PRIMARY KEY (`id`),
  UNIQUE KEY `job_tasks_task_name_unique` (`task_name`)
) ENGINE=InnoDB AUTO_INCREMENT=10 DEFAULT CHARSET=utf8mb4 COLLATE=utf8mb4_unicode_ci;
/*!40101 SET character_set_client = @saved_cs_client */;

--
-- Dumping data for table `job_tasks`
--

LOCK TABLES `job_tasks` WRITE;
/*!40000 ALTER TABLE `job_tasks` DISABLE KEYS */;
INSERT INTO `job_tasks` VALUES (1,'Gold Submit',1,'2021-12-24 10:32:04','2021-12-24 10:32:04'),(2,'Gold Return',1,'2021-12-24 10:32:04','2021-12-24 10:32:04'),(3,'Dal Submit',1,'2021-12-24 10:32:04','2021-12-24 10:32:04'),(4,'Dal Return',1,'2021-12-24 10:32:04','2021-12-24 10:32:04'),(5,'Pan Submit',1,'2021-12-24 10:32:04','2021-12-24 10:32:04'),(6,'Pan Return',1,'2021-12-24 10:32:04','2021-12-24 10:32:04'),(7,'Nitric Return',1,'2021-12-24 10:32:04','2021-12-24 10:32:04'),(8,'Bronze Submit',1,'2021-12-24 10:32:04','2021-12-24 10:32:04'),(9,'Bronze Return',1,'2021-12-24 10:32:04','2021-12-24 10:32:04');
/*!40000 ALTER TABLE `job_tasks` ENABLE KEYS */;
UNLOCK TABLES;

--
-- Table structure for table `material_categories`
--

DROP TABLE IF EXISTS `material_categories`;
/*!40101 SET @saved_cs_client     = @@character_set_client */;
/*!50503 SET character_set_client = utf8mb4 */;
CREATE TABLE `material_categories` (
  `id` bigint unsigned NOT NULL AUTO_INCREMENT,
  `mc_name` varchar(110) COLLATE utf8mb4_unicode_ci NOT NULL,
  `inforced` tinyint NOT NULL DEFAULT '1',
  `created_at` timestamp NULL DEFAULT NULL,
  `updated_at` timestamp NULL DEFAULT NULL,
  PRIMARY KEY (`id`)
) ENGINE=InnoDB AUTO_INCREMENT=7 DEFAULT CHARSET=utf8mb4 COLLATE=utf8mb4_unicode_ci;
/*!40101 SET character_set_client = @saved_cs_client */;

--
-- Dumping data for table `material_categories`
--

LOCK TABLES `material_categories` WRITE;
/*!40000 ALTER TABLE `material_categories` DISABLE KEYS */;
INSERT INTO `material_categories` VALUES (1,'Gold',1,'2021-12-24 10:32:05','2021-12-24 10:32:05'),(2,'Silver',1,'2021-12-24 10:32:05','2021-12-24 10:32:05'),(3,'Copper',1,'2021-12-24 10:32:05','2021-12-24 10:32:05'),(4,'Bronze',1,'2021-12-24 10:32:05','2021-12-24 10:32:05'),(5,'Zinc',1,'2021-12-24 10:32:05','2021-12-24 10:32:05'),(6,'Dal',1,'2021-12-24 10:32:05','2021-12-24 10:32:05');
/*!40000 ALTER TABLE `material_categories` ENABLE KEYS */;
UNLOCK TABLES;

--
-- Table structure for table `material_transaction_details`
--

DROP TABLE IF EXISTS `material_transaction_details`;
/*!40101 SET @saved_cs_client     = @@character_set_client */;
/*!50503 SET character_set_client = utf8mb4 */;
CREATE TABLE `material_transaction_details` (
  `id` bigint unsigned NOT NULL AUTO_INCREMENT,
  `transaction_masters_id` bigint unsigned NOT NULL,
  `employee_id` bigint unsigned NOT NULL,
  `transaction_value` tinyint NOT NULL,
  `quantity` double NOT NULL,
  `created_at` timestamp NULL DEFAULT NULL,
  `updated_at` timestamp NULL DEFAULT NULL,
  PRIMARY KEY (`id`),
  KEY `material_transaction_details_transaction_masters_id_foreign` (`transaction_masters_id`),
  CONSTRAINT `material_transaction_details_transaction_masters_id_foreign` FOREIGN KEY (`transaction_masters_id`) REFERENCES `material_transaction_masters` (`id`)
) ENGINE=InnoDB DEFAULT CHARSET=utf8mb4 COLLATE=utf8mb4_unicode_ci;
/*!40101 SET character_set_client = @saved_cs_client */;

--
-- Dumping data for table `material_transaction_details`
--

LOCK TABLES `material_transaction_details` WRITE;
/*!40000 ALTER TABLE `material_transaction_details` DISABLE KEYS */;
/*!40000 ALTER TABLE `material_transaction_details` ENABLE KEYS */;
UNLOCK TABLES;

--
-- Table structure for table `material_transaction_masters`
--

DROP TABLE IF EXISTS `material_transaction_masters`;
/*!40101 SET @saved_cs_client     = @@character_set_client */;
/*!50503 SET character_set_client = utf8mb4 */;
CREATE TABLE `material_transaction_masters` (
  `id` bigint unsigned NOT NULL AUTO_INCREMENT,
  `transaction_type_id` bigint unsigned NOT NULL,
  `material_id` bigint unsigned NOT NULL,
  `transaction_comment` varchar(255) COLLATE utf8mb4_unicode_ci DEFAULT NULL,
  `transaction_date` date NOT NULL,
  `created_at` timestamp NULL DEFAULT NULL,
  `updated_at` timestamp NULL DEFAULT NULL,
  PRIMARY KEY (`id`),
  KEY `material_transaction_masters_transaction_type_id_foreign` (`transaction_type_id`),
  KEY `material_transaction_masters_material_id_foreign` (`material_id`),
  CONSTRAINT `material_transaction_masters_material_id_foreign` FOREIGN KEY (`material_id`) REFERENCES `materials` (`id`),
  CONSTRAINT `material_transaction_masters_transaction_type_id_foreign` FOREIGN KEY (`transaction_type_id`) REFERENCES `transaction_types` (`id`)
) ENGINE=InnoDB DEFAULT CHARSET=utf8mb4 COLLATE=utf8mb4_unicode_ci;
/*!40101 SET character_set_client = @saved_cs_client */;

--
-- Dumping data for table `material_transaction_masters`
--

LOCK TABLES `material_transaction_masters` WRITE;
/*!40000 ALTER TABLE `material_transaction_masters` DISABLE KEYS */;
/*!40000 ALTER TABLE `material_transaction_masters` ENABLE KEYS */;
UNLOCK TABLES;

--
-- Table structure for table `materials`
--

DROP TABLE IF EXISTS `materials`;
/*!40101 SET @saved_cs_client     = @@character_set_client */;
/*!50503 SET character_set_client = utf8mb4 */;
CREATE TABLE `materials` (
  `id` bigint unsigned NOT NULL AUTO_INCREMENT,
  `material_name` varchar(110) COLLATE utf8mb4_unicode_ci NOT NULL,
  `material_category_id` bigint unsigned NOT NULL,
  `gold` int NOT NULL,
  `silver` int NOT NULL,
  `bill_percentage` double NOT NULL,
  `is_order_material` tinyint NOT NULL DEFAULT '0',
  `is_main_production_material` tinyint NOT NULL DEFAULT '0',
  `is_base_material` tinyint NOT NULL DEFAULT '0',
  `main_material_id` bigint DEFAULT NULL,
  `inforced` tinyint NOT NULL DEFAULT '1',
  `created_at` timestamp NULL DEFAULT NULL,
  `updated_at` timestamp NULL DEFAULT NULL,
  PRIMARY KEY (`id`),
  KEY `materials_material_category_id_foreign` (`material_category_id`),
  CONSTRAINT `materials_material_category_id_foreign` FOREIGN KEY (`material_category_id`) REFERENCES `material_categories` (`id`)
) ENGINE=InnoDB AUTO_INCREMENT=14 DEFAULT CHARSET=utf8mb4 COLLATE=utf8mb4_unicode_ci;
/*!40101 SET character_set_client = @saved_cs_client */;

--
-- Dumping data for table `materials`
--

LOCK TABLES `materials` WRITE;
/*!40000 ALTER TABLE `materials` DISABLE KEYS */;
INSERT INTO `materials` VALUES (1,'Pure Gold',1,100,0,1,0,0,0,0,1,'2021-12-24 10:32:05','2021-12-24 10:32:05'),(2,'Pure Silver',2,0,100,0,0,0,0,0,1,'2021-12-24 10:32:05','2021-12-24 10:32:05'),(3,'92 Ginnie',1,92,0,1,1,1,1,0,1,'2021-12-24 10:32:05','2021-12-24 10:32:05'),(4,'Pan',1,40,20,0.4,0,1,0,0,1,'2021-12-24 10:32:05','2021-12-24 10:32:05'),(5,'90 Ginnie',1,90,0,1,0,1,0,0,1,'2021-12-24 10:32:06','2021-12-24 10:32:06'),(6,'Dal',6,10,70,0,0,1,0,0,1,'2021-12-24 10:32:06','2021-12-24 10:32:06'),(7,'Nitric',1,88,0,0.96,0,0,0,0,1,'2021-12-24 10:32:06','2021-12-24 10:32:06'),(8,'Production_dust ',1,20,0,0,0,0,0,0,1,'2021-12-24 10:32:06','2021-12-24 10:32:06'),(9,'92 Ginnie Return ',1,92,0,1,0,1,1,3,1,'2021-12-24 10:32:06','2021-12-24 10:32:06'),(10,'Dal Return',6,10,70,0,0,1,0,6,1,'2021-12-24 10:32:06','2021-12-24 10:32:06'),(11,'Pan Return',1,40,20,0.4,0,1,0,4,1,'2021-12-24 10:32:06','2021-12-24 10:32:06'),(12,'Bronze',4,0,0,0,0,1,0,0,1,'2021-12-24 10:32:06','2021-12-24 10:32:06'),(13,'Bronze Return',4,0,0,0,0,1,0,13,1,'2021-12-24 10:32:06','2021-12-24 10:32:06');
/*!40000 ALTER TABLE `materials` ENABLE KEYS */;
UNLOCK TABLES;

--
-- Table structure for table `migrations`
--

DROP TABLE IF EXISTS `migrations`;
/*!40101 SET @saved_cs_client     = @@character_set_client */;
/*!50503 SET character_set_client = utf8mb4 */;
CREATE TABLE `migrations` (
  `id` int unsigned NOT NULL AUTO_INCREMENT,
  `migration` varchar(255) COLLATE utf8mb4_unicode_ci NOT NULL,
  `batch` int NOT NULL,
  PRIMARY KEY (`id`)
) ENGINE=InnoDB AUTO_INCREMENT=718 DEFAULT CHARSET=utf8mb4 COLLATE=utf8mb4_unicode_ci;
/*!40101 SET character_set_client = @saved_cs_client */;

--
-- Dumping data for table `migrations`
--

LOCK TABLES `migrations` WRITE;
/*!40000 ALTER TABLE `migrations` DISABLE KEYS */;
INSERT INTO `migrations` VALUES (685,'2013_01_28_045000_create_customer_categories_table',1),(686,'2013_11_23_193732_create_user_types_table',1),(687,'2013_12_02_165323_create_people_table',1),(688,'2014_10_12_000000_create_users_table',1),(689,'2014_10_12_100000_create_password_resets_table',1),(690,'2019_08_19_000000_create_failed_jobs_table',1),(691,'2019_12_14_000001_create_personal_access_tokens_table',1),(692,'2021_02_28_045723_create_status_types_table',1),(693,'2021_02_28_053221_create_price_codes_table',1),(694,'2021_02_28_053449_create_job_tasks_table',1),(695,'2021_02_28_062641_create_material_categories_table',1),(696,'2021_02_28_062814_create_materials_table',1),(697,'2021_02_28_063007_create_rates_table',1),(698,'2021_02_28_063210_create_product_categories_table',1),(699,'2021_02_28_063350_create_products_table',1),(700,'2021_02_28_063514_create_custom_vouchers_table',1),(701,'2021_02_28_063610_create_order_masters_table',1),(702,'2021_02_28_063750_create_order_details_table',1),(703,'2021_02_28_063843_create_job_masters_table',1),(704,'2021_02_28_063923_create_job_details_table',1),(705,'2021_02_28_064025_create_bill_masters_table',1),(706,'2021_02_28_064122_create_bill_details_table',1),(707,'2021_02_28_064246_create_stocks_table',1),(708,'2021_02_28_064337_create_bill_adjustments_table',1),(709,'2021_02_28_064515_create_payment_cashes_table',1),(710,'2021_02_28_064628_create_payment_gold_table',1),(711,'2021_02_28_064729_create_customer_to_agents_table',1),(712,'2021_02_28_064813_create_transaction_types_table',1),(713,'2021_02_28_064902_create_material_transaction_masters_table',1),(714,'2021_02_28_065026_create_material_transaction_details_table',1),(715,'2021_02_28_065114_create_employee_opening_balances_table',1),(716,'3020_05_11_152837_create_all_procedures_and_functions',1),(717,'3020_05_11_152838_create_job_procedures_and_functions',1);
/*!40000 ALTER TABLE `migrations` ENABLE KEYS */;
UNLOCK TABLES;

--
-- Table structure for table `order_details`
--

DROP TABLE IF EXISTS `order_details`;
/*!40101 SET @saved_cs_client     = @@character_set_client */;
/*!50503 SET character_set_client = utf8mb4 */;
CREATE TABLE `order_details` (
  `id` bigint unsigned NOT NULL AUTO_INCREMENT,
  `order_master_id` bigint unsigned NOT NULL,
  `price_code` varchar(3) COLLATE utf8mb4_unicode_ci NOT NULL,
  `price` int NOT NULL,
  `p_loss` double NOT NULL,
  `approx_gold` double NOT NULL,
  `quantity` int NOT NULL,
  `discount` double NOT NULL,
  `material_id` bigint unsigned NOT NULL,
  `size` varchar(255) COLLATE utf8mb4_unicode_ci DEFAULT NULL,
  `product_id` bigint unsigned NOT NULL,
  `status_id` bigint unsigned NOT NULL,
  `bill_created` int NOT NULL DEFAULT '0',
  `cust_mv` double NOT NULL DEFAULT '0',
  `product_mv` double NOT NULL DEFAULT '0',
  `created_at` timestamp NULL DEFAULT NULL,
  `updated_at` timestamp NULL DEFAULT NULL,
  PRIMARY KEY (`id`),
  KEY `order_details_order_master_id_foreign` (`order_master_id`),
  KEY `order_details_material_id_foreign` (`material_id`),
  KEY `order_details_product_id_foreign` (`product_id`),
  KEY `order_details_status_id_foreign` (`status_id`),
  CONSTRAINT `order_details_material_id_foreign` FOREIGN KEY (`material_id`) REFERENCES `materials` (`id`),
  CONSTRAINT `order_details_order_master_id_foreign` FOREIGN KEY (`order_master_id`) REFERENCES `order_masters` (`id`),
  CONSTRAINT `order_details_product_id_foreign` FOREIGN KEY (`product_id`) REFERENCES `products` (`id`),
  CONSTRAINT `order_details_status_id_foreign` FOREIGN KEY (`status_id`) REFERENCES `status_types` (`id`)
) ENGINE=InnoDB AUTO_INCREMENT=54 DEFAULT CHARSET=utf8mb4 COLLATE=utf8mb4_unicode_ci;
/*!40101 SET character_set_client = @saved_cs_client */;

--
-- Dumping data for table `order_details`
--

LOCK TABLES `order_details` WRITE;
/*!40000 ALTER TABLE `order_details` DISABLE KEYS */;
INSERT INTO `order_details` VALUES (1,1,'R',620,0.699,3.2,2,10,3,'2-5-5',2602,1,0,0.22,0.05,'2021-12-24 10:38:16','2021-12-24 11:28:58'),(2,1,'N',540,0.259,3.2,2,10,3,'2-6-0',2620,100,0,0.22,0.05,'2021-12-24 10:38:16','2021-12-30 07:40:43'),(3,1,'N',540,0.259,4,2,10,3,'2-8-0',2273,1,0,0.22,0.05,'2021-12-24 10:38:16','2021-12-25 06:16:29'),(4,1,'G',400,0.189,4.6,4,10,3,'2-6-0',107,40,0,0.22,0.05,'2021-12-24 10:38:16','2021-12-24 10:38:16'),(5,1,'N',540,0.259,4.5,2,10,3,'2-5-5',1799,40,0,0.22,0.05,'2021-12-24 10:38:16','2021-12-24 10:38:16'),(6,1,'G',400,0.189,4.3,4,10,3,'2-9-0',106,1,0,0.22,0.05,'2021-12-24 10:38:16','2021-12-25 06:16:51'),(7,2,'H',420,0.199,8,4,10,3,'2-5-0',371,100,0,0.22,0.05,'2021-12-24 10:42:21','2022-01-04 03:53:03'),(8,2,'G',400,0.189,8.5,6,10,3,'2-9-5',1920,100,0,0.22,0.05,'2021-12-24 10:42:21','2022-01-04 03:46:26'),(9,2,'N',540,0.259,4,2,10,3,'2-5-5',1970,100,0,0.22,0.05,'2021-12-24 10:42:21','2021-12-27 04:55:37'),(10,2,'N',540,0.259,5.2,2,10,3,'2-9-0',1067,100,0,0.22,0.05,'2021-12-24 10:42:21','2021-12-30 07:42:45'),(11,2,'G',400,0.189,6.2,4,10,3,'2-6-0',1621,1,0,0.22,0.05,'2021-12-24 10:42:21','2021-12-28 10:43:44'),(12,3,'O',560,0.269,4,1,10,3,'2-7-0',100,100,0,0.22,0.05,'2021-12-24 10:46:53','2021-12-30 07:39:58'),(13,3,'F',380,0.179,3.2,1,10,3,'2-6-5',1606,1,0,0.22,0.05,'2021-12-24 10:46:53','2021-12-24 11:02:09'),(14,3,'O',560,0.269,3,1,10,3,'2-7-0',104,100,0,0.22,0.05,'2021-12-24 10:46:53','2021-12-30 07:47:34'),(15,3,'O',560,0.269,2.9,1,10,3,'2-6-0',103,1,0,0.22,0.05,'2021-12-24 10:46:53','2021-12-24 11:02:40'),(16,3,'O',560,0.269,3.2,1,10,3,'2-5-0',104,1,0,0.22,0.05,'2021-12-24 10:46:53','2021-12-27 04:46:38'),(17,4,'F',380,0.179,3.2,2,10,3,'2-7-0',108,100,0,0.22,0.05,'2021-12-24 10:55:08','2021-12-24 11:18:51'),(18,4,'Y',760,0.375,2.9,1,10,3,'2-3-0',85,100,0,0.22,0.05,'2021-12-24 10:55:08','2021-12-25 06:45:39'),(19,4,'X',740,0.355,8.2,2,10,3,'2-5-0',65,1,0,0.22,0.05,'2021-12-24 10:55:08','2021-12-24 10:55:50'),(20,4,'X',740,0.355,6.2,2,10,3,'2-6-0',59,100,0,0.22,0.05,'2021-12-24 10:55:08','2021-12-30 07:43:43'),(21,5,'F',380,0.179,3,2,10,3,'2-4-0',114,1,0,0.22,0.05,'2021-12-25 06:33:36','2021-12-27 04:59:43'),(22,5,'G',400,0.189,5.12,4,10,3,'2-8-0',1920,1,0,0.22,0.05,'2021-12-25 06:33:36','2021-12-27 05:00:16'),(23,5,'M',520,0.249,4,2,10,3,'2-8-0',1956,1,0,0.22,0.05,'2021-12-25 06:33:36','2021-12-27 05:00:45'),(24,5,'F',380,0.179,6.5,2,10,3,'2-5-0',2664,100,0,0.22,0.05,'2021-12-25 06:33:36','2022-01-04 03:42:45'),(25,6,'X',740,0.355,6.3,2,10,3,'2-8-0',65,100,0,0.22,0.05,'2021-12-27 04:59:05','2022-01-04 03:59:09'),(26,6,'G',400,0.189,6.3,6,10,3,'2-4-0',1642,100,0,0.22,0.05,'2021-12-27 04:59:05','2021-12-30 07:46:17'),(27,6,'O',560,0.269,5.9,2,10,3,'2-9-0',2247,40,0,0.22,0.05,'2021-12-27 04:59:05','2021-12-27 04:59:05'),(28,6,'N',540,0.259,5.2,2,10,3,'2-8-0`',1966,40,0,0.22,0.05,'2021-12-27 04:59:05','2021-12-27 04:59:05'),(29,7,'F',380,0.179,2.9,1,10,3,'2-6-0',1592,100,0,0.22,0.05,'2021-12-27 06:00:08','2021-12-27 06:02:37'),(30,7,'O',560,0.269,5,1,10,3,'2-4-5',100,1,0,0.22,0.05,'2021-12-27 06:00:08','2021-12-27 06:00:38'),(31,7,'O',560,0.269,3.2,1,10,3,'2-9-0',102,1,0,0.22,0.05,'2021-12-27 06:00:08','2022-01-04 03:48:39'),(32,8,'F',380,0.179,9,5,10,3,'2-8-5',226,1,0,0.22,0.05,'2021-12-28 10:36:29','2021-12-28 10:36:49'),(33,8,'M',520,0.249,3.9,2,10,3,'2-8-0',2178,1,0,0.22,0.05,'2021-12-28 10:36:29','2021-12-28 10:37:07'),(34,9,'M',520,0.249,3.6,3,10,3,'2-7-0',2153,1,0,0.22,0.05,'2021-12-30 06:16:04','2022-01-04 03:41:21'),(35,9,'O',560,0.269,3,1,10,3,'2-5-5',103,1,0,0.22,0.05,'2021-12-30 06:16:04','2022-01-01 06:46:29'),(36,9,'M',520,0.249,3.2,2,10,3,'2-4-0',1989,1,0,0.22,0.05,'2021-12-30 06:16:04','2022-01-04 03:41:36'),(37,10,'H',420,0.199,6.3,4,10,3,'2-9-5',2718,40,0,0.22,0.05,'2021-12-30 07:52:21','2021-12-30 07:52:21'),(38,10,'F',380,0.179,6.9,2,10,3,'2-5-0',2670,40,0,0.22,0.05,'2021-12-30 07:52:21','2021-12-30 07:52:21'),(39,10,'G',400,0.189,5.2,4,10,3,'2-8-0',107,40,0,0.22,0.05,'2021-12-30 07:52:21','2021-12-30 07:52:21'),(40,10,'G',400,0.189,3.6,4,10,3,'2-6-0',198,40,0,0.22,0.05,'2021-12-30 07:52:21','2021-12-30 07:52:21'),(41,11,'G',400,0.189,6.2,4,10,3,'2-6-0',107,1,0,0.22,0.05,'2022-01-01 06:40:02','2022-01-01 06:42:17'),(42,11,'O',560,0.269,3.6,2,10,3,'2-4-0',1802,100,0,0.22,0.05,'2022-01-01 06:40:02','2022-01-01 06:45:57'),(43,11,'H',420,0.199,4,4,10,3,'2-6-5',1645,40,0,0.22,0.05,'2022-01-01 06:40:02','2022-01-01 06:40:02'),(44,11,'N',540,0.259,6.2,2,10,3,'2-7-0',1962,40,0,0.22,0.05,'2022-01-01 06:40:02','2022-01-01 06:40:02'),(45,12,'G',400,0.189,4,1,10,3,'2-5-0',192,100,0,0.22,0.05,'2022-01-04 03:40:52','2022-01-07 06:36:47'),(46,12,'G',400,0.189,3.2,2,10,3,'2-8-0',106,100,0,0.22,0.05,'2022-01-04 03:40:52','2022-01-07 06:41:59'),(47,12,'F',380,0.179,6,3,10,3,'2-5-0',114,100,0,0.22,0.05,'2022-01-04 03:40:52','2022-01-07 06:41:13'),(48,12,'G',400,0.189,6.5,4,10,3,'2-5-0',107,100,0,0.22,0.05,'2022-01-04 03:40:52','2022-01-07 06:40:18'),(49,13,'F',380,0.179,10.2,8,10,3,'2-7-0',114,100,0,0.22,0.05,'2022-01-07 06:27:43','2022-01-07 06:35:39'),(50,13,'G',400,0.189,3.5,4,10,3,'2-7-0',106,100,0,0.22,0.05,'2022-01-07 06:27:43','2022-01-07 06:34:22'),(51,13,'N',540,0.259,6,2,10,3,'2-5-5',1799,100,0,0.22,0.05,'2022-01-07 06:27:43','2022-01-07 06:33:14'),(52,13,'N',540,0.259,5,2,10,3,'2-8-0',1962,100,0,0.22,0.05,'2022-01-07 06:27:43','2022-01-07 06:32:12'),(53,13,'G',400,0.189,6.2,2,10,3,'2-5-0',107,100,0,0.22,0.05,'2022-01-07 06:27:43','2022-01-07 06:31:12');
/*!40000 ALTER TABLE `order_details` ENABLE KEYS */;
UNLOCK TABLES;

--
-- Table structure for table `order_masters`
--

DROP TABLE IF EXISTS `order_masters`;
/*!40101 SET @saved_cs_client     = @@character_set_client */;
/*!50503 SET character_set_client = utf8mb4 */;
CREATE TABLE `order_masters` (
  `id` bigint unsigned NOT NULL AUTO_INCREMENT,
  `order_number` varchar(255) COLLATE utf8mb4_unicode_ci NOT NULL,
  `person_id` bigint unsigned NOT NULL,
  `agent_id` bigint unsigned NOT NULL,
  `employee_id` bigint unsigned NOT NULL,
  `discount_percentage` double NOT NULL,
  `date_of_order` date NOT NULL,
  `date_of_delivery` date NOT NULL,
  `created_at` timestamp NULL DEFAULT NULL,
  `updated_at` timestamp NULL DEFAULT NULL,
  PRIMARY KEY (`id`),
  UNIQUE KEY `order_masters_order_number_unique` (`order_number`),
  KEY `order_masters_person_id_foreign` (`person_id`),
  KEY `order_masters_agent_id_foreign` (`agent_id`),
  KEY `order_masters_employee_id_foreign` (`employee_id`),
  CONSTRAINT `order_masters_agent_id_foreign` FOREIGN KEY (`agent_id`) REFERENCES `people` (`id`),
  CONSTRAINT `order_masters_employee_id_foreign` FOREIGN KEY (`employee_id`) REFERENCES `people` (`id`),
  CONSTRAINT `order_masters_person_id_foreign` FOREIGN KEY (`person_id`) REFERENCES `people` (`id`)
) ENGINE=InnoDB AUTO_INCREMENT=14 DEFAULT CHARSET=utf8mb4 COLLATE=utf8mb4_unicode_ci;
/*!40101 SET character_set_client = @saved_cs_client */;

--
-- Dumping data for table `order_masters`
--

LOCK TABLES `order_masters` WRITE;
/*!40000 ALTER TABLE `order_masters` DISABLE KEYS */;
INSERT INTO `order_masters` VALUES (1,'ORD-000001-2122',26,5,3,10,'2021-12-24','2021-12-27','2021-12-24 10:38:16','2021-12-24 10:38:16'),(2,'ORD-000002-2122',28,6,3,10,'2021-12-24','2021-12-27','2021-12-24 10:42:21','2021-12-24 10:42:21'),(3,'ORD-000003-2122',32,8,3,10,'2021-12-24','2021-12-27','2021-12-24 10:46:52','2021-12-24 10:46:52'),(4,'ORD-000004-2122',34,11,3,10,'2021-12-24','2021-12-27','2021-12-24 10:55:08','2021-12-24 10:55:08'),(5,'ORD-000005-2122',30,12,3,10,'2021-12-25','2021-12-28','2021-12-25 06:33:36','2021-12-25 06:33:36'),(6,'ORD-000006-2122',29,11,3,10,'2021-12-27','2021-12-30','2021-12-27 04:59:05','2021-12-27 04:59:05'),(7,'ORD-000007-2122',30,10,3,10,'2021-12-27','2021-12-30','2021-12-27 06:00:08','2021-12-27 06:00:08'),(8,'ORD-000008-2122',27,6,3,10,'2021-12-28','2021-12-31','2021-12-28 10:36:29','2021-12-28 10:36:29'),(9,'ORD-000009-2122',34,9,3,10,'2021-12-30','2022-01-02','2021-12-30 06:16:04','2021-12-30 06:16:04'),(10,'ORD-000010-2122',28,5,3,10,'2021-12-30','2022-01-02','2021-12-30 07:52:21','2021-12-30 07:52:21'),(11,'ORD-000011-2122',29,9,3,10,'2022-01-01','2022-01-04','2022-01-01 06:40:02','2022-01-01 06:40:02'),(12,'ORD-000012-2122',28,7,3,10,'2022-01-04','2022-01-07','2022-01-04 03:40:52','2022-01-04 03:40:52'),(13,'ORD-000013-2122',27,5,3,10,'2022-01-07','2022-01-10','2022-01-07 06:27:43','2022-01-07 06:27:43');
/*!40000 ALTER TABLE `order_masters` ENABLE KEYS */;
UNLOCK TABLES;

--
-- Table structure for table `password_resets`
--

DROP TABLE IF EXISTS `password_resets`;
/*!40101 SET @saved_cs_client     = @@character_set_client */;
/*!50503 SET character_set_client = utf8mb4 */;
CREATE TABLE `password_resets` (
  `email` varchar(255) COLLATE utf8mb4_unicode_ci NOT NULL,
  `token` varchar(255) COLLATE utf8mb4_unicode_ci NOT NULL,
  `created_at` timestamp NULL DEFAULT NULL,
  KEY `password_resets_email_index` (`email`)
) ENGINE=InnoDB DEFAULT CHARSET=utf8mb4 COLLATE=utf8mb4_unicode_ci;
/*!40101 SET character_set_client = @saved_cs_client */;

--
-- Dumping data for table `password_resets`
--

LOCK TABLES `password_resets` WRITE;
/*!40000 ALTER TABLE `password_resets` DISABLE KEYS */;
/*!40000 ALTER TABLE `password_resets` ENABLE KEYS */;
UNLOCK TABLES;

--
-- Table structure for table `payment_cashes`
--

DROP TABLE IF EXISTS `payment_cashes`;
/*!40101 SET @saved_cs_client     = @@character_set_client */;
/*!50503 SET character_set_client = utf8mb4 */;
CREATE TABLE `payment_cashes` (
  `id` bigint unsigned NOT NULL AUTO_INCREMENT,
  `transaction_id` varchar(100) COLLATE utf8mb4_unicode_ci NOT NULL,
  `person_id` bigint unsigned NOT NULL,
  `agent_id` bigint unsigned NOT NULL,
  `user_id` bigint unsigned NOT NULL,
  `payment_mode` int NOT NULL,
  `cash_received` double NOT NULL,
  `received_date` date NOT NULL,
  `created_at` timestamp NULL DEFAULT NULL,
  `updated_at` timestamp NULL DEFAULT NULL,
  PRIMARY KEY (`id`),
  KEY `payment_cashes_person_id_foreign` (`person_id`),
  KEY `payment_cashes_agent_id_foreign` (`agent_id`),
  KEY `payment_cashes_user_id_foreign` (`user_id`),
  CONSTRAINT `payment_cashes_agent_id_foreign` FOREIGN KEY (`agent_id`) REFERENCES `people` (`id`),
  CONSTRAINT `payment_cashes_person_id_foreign` FOREIGN KEY (`person_id`) REFERENCES `people` (`id`),
  CONSTRAINT `payment_cashes_user_id_foreign` FOREIGN KEY (`user_id`) REFERENCES `users` (`id`)
) ENGINE=InnoDB DEFAULT CHARSET=utf8mb4 COLLATE=utf8mb4_unicode_ci;
/*!40101 SET character_set_client = @saved_cs_client */;

--
-- Dumping data for table `payment_cashes`
--

LOCK TABLES `payment_cashes` WRITE;
/*!40000 ALTER TABLE `payment_cashes` DISABLE KEYS */;
/*!40000 ALTER TABLE `payment_cashes` ENABLE KEYS */;
UNLOCK TABLES;

--
-- Table structure for table `payment_gold`
--

DROP TABLE IF EXISTS `payment_gold`;
/*!40101 SET @saved_cs_client     = @@character_set_client */;
/*!50503 SET character_set_client = utf8mb4 */;
CREATE TABLE `payment_gold` (
  `id` bigint unsigned NOT NULL AUTO_INCREMENT,
  `transaction_id` varchar(100) COLLATE utf8mb4_unicode_ci NOT NULL,
  `person_id` bigint unsigned NOT NULL,
  `agent_id` bigint unsigned NOT NULL,
  `user_id` bigint unsigned NOT NULL,
  `gold_received` double NOT NULL,
  `received_date` date NOT NULL,
  `created_at` timestamp NULL DEFAULT NULL,
  `updated_at` timestamp NULL DEFAULT NULL,
  PRIMARY KEY (`id`),
  KEY `payment_gold_person_id_foreign` (`person_id`),
  KEY `payment_gold_agent_id_foreign` (`agent_id`),
  KEY `payment_gold_user_id_foreign` (`user_id`),
  CONSTRAINT `payment_gold_agent_id_foreign` FOREIGN KEY (`agent_id`) REFERENCES `people` (`id`),
  CONSTRAINT `payment_gold_person_id_foreign` FOREIGN KEY (`person_id`) REFERENCES `people` (`id`),
  CONSTRAINT `payment_gold_user_id_foreign` FOREIGN KEY (`user_id`) REFERENCES `users` (`id`)
) ENGINE=InnoDB DEFAULT CHARSET=utf8mb4 COLLATE=utf8mb4_unicode_ci;
/*!40101 SET character_set_client = @saved_cs_client */;

--
-- Dumping data for table `payment_gold`
--

LOCK TABLES `payment_gold` WRITE;
/*!40000 ALTER TABLE `payment_gold` DISABLE KEYS */;
/*!40000 ALTER TABLE `payment_gold` ENABLE KEYS */;
UNLOCK TABLES;

--
-- Table structure for table `people`
--

DROP TABLE IF EXISTS `people`;
/*!40101 SET @saved_cs_client     = @@character_set_client */;
/*!50503 SET character_set_client = utf8mb4 */;
CREATE TABLE `people` (
  `id` bigint unsigned NOT NULL AUTO_INCREMENT,
  `user_name` varchar(255) COLLATE utf8mb4_unicode_ci NOT NULL,
  `billing_name` varchar(255) COLLATE utf8mb4_unicode_ci NOT NULL,
  `mobile1` varchar(30) COLLATE utf8mb4_unicode_ci NOT NULL,
  `mobile2` varchar(30) COLLATE utf8mb4_unicode_ci DEFAULT NULL,
  `user_type_id` bigint unsigned NOT NULL,
  `customer_category_id` bigint unsigned NOT NULL DEFAULT '2',
  `address1` varchar(100) COLLATE utf8mb4_unicode_ci DEFAULT NULL,
  `address2` varchar(100) COLLATE utf8mb4_unicode_ci DEFAULT NULL,
  `state` varchar(50) COLLATE utf8mb4_unicode_ci DEFAULT 'West Bengal',
  `po` varchar(50) COLLATE utf8mb4_unicode_ci DEFAULT NULL,
  `area` varchar(50) COLLATE utf8mb4_unicode_ci DEFAULT NULL,
  `city` varchar(50) COLLATE utf8mb4_unicode_ci DEFAULT NULL,
  `pin` varchar(30) COLLATE utf8mb4_unicode_ci DEFAULT NULL,
  `mv` double NOT NULL DEFAULT '0',
  `opening_balance_LC` double NOT NULL DEFAULT '0',
  `opening_balance_Gold` double NOT NULL DEFAULT '0',
  `discount` double NOT NULL DEFAULT '0',
  `inforce` tinyint NOT NULL DEFAULT '1',
  `created_at` timestamp NULL DEFAULT NULL,
  `updated_at` timestamp NULL DEFAULT NULL,
  PRIMARY KEY (`id`),
  UNIQUE KEY `people_user_name_unique` (`user_name`),
  KEY `people_user_type_id_foreign` (`user_type_id`),
  KEY `people_customer_category_id_foreign` (`customer_category_id`),
  CONSTRAINT `people_customer_category_id_foreign` FOREIGN KEY (`customer_category_id`) REFERENCES `customer_categories` (`id`),
  CONSTRAINT `people_user_type_id_foreign` FOREIGN KEY (`user_type_id`) REFERENCES `user_types` (`id`)
) ENGINE=InnoDB AUTO_INCREMENT=36 DEFAULT CHARSET=utf8mb4 COLLATE=utf8mb4_unicode_ci;
/*!40101 SET character_set_client = @saved_cs_client */;

--
-- Dumping data for table `people`
--

LOCK TABLES `people` WRITE;
/*!40000 ALTER TABLE `people` DISABLE KEYS */;
INSERT INTO `people` VALUES (1,'Vivekananda Ghosh',' ','9836444999','',1,2,NULL,NULL,'West Bengal',NULL,NULL,NULL,NULL,0,0,0,0,1,'2021-12-24 10:32:26','2021-12-24 10:32:26'),(2,'Counter Agent',' ','9836444451','',7,2,NULL,NULL,'West Bengal',NULL,NULL,NULL,NULL,0,0,0,0,1,'2021-12-24 10:32:26','2021-12-24 10:32:26'),(3,'Arindam Ghosh',' ','98364411221','',2,2,NULL,NULL,'West Bengal',NULL,NULL,NULL,NULL,0,0,0,0,1,'2021-12-24 10:32:26','2021-12-24 10:32:26'),(4,'Arindam Biswas',' ','7003031560','',3,2,NULL,NULL,'West Bengal',NULL,NULL,NULL,NULL,0,0,0,0,1,'2021-12-24 10:32:26','2021-12-24 10:32:26'),(5,'Sidhartha Dhara','Sidhartha Dhara','9830530463','',7,2,NULL,NULL,'West Bengal',NULL,NULL,NULL,NULL,0,0,0,0,1,'2021-12-24 10:32:27','2021-12-24 10:32:27'),(6,'Arabinda Karmakar','Arabinda Karmakar','9830530463','',7,2,NULL,NULL,'West Bengal',NULL,NULL,NULL,NULL,0,0,0,0,1,'2021-12-24 10:32:27','2021-12-24 10:32:27'),(7,'Sameeran Majumdar','Sameeran Majumdar','9830530463','',7,2,NULL,NULL,'West Bengal',NULL,NULL,NULL,NULL,0,0,0,0,1,'2021-12-24 10:32:27','2021-12-24 10:32:27'),(8,'Suman Ghosh','Suman Ghosh','9830530463','',7,2,NULL,NULL,'West Bengal',NULL,NULL,NULL,NULL,0,0,0,0,1,'2021-12-24 10:32:27','2021-12-24 10:32:27'),(9,'Anupam Rakhsit','Anupam Rakhsit','9830530463','',7,2,NULL,NULL,'West Bengal',NULL,NULL,NULL,NULL,0,0,0,0,1,'2021-12-24 10:32:27','2021-12-24 10:32:27'),(10,'Arindam Biwasw','Arindam Biwasw','9830530463','',7,2,NULL,NULL,'West Bengal',NULL,NULL,NULL,NULL,0,0,0,0,1,'2021-12-24 10:32:27','2021-12-24 10:32:27'),(11,'Surajit Dhara','Surajit Dhara','9830530463','',7,2,NULL,NULL,'West Bengal',NULL,NULL,NULL,NULL,0,0,0,0,1,'2021-12-24 10:32:27','2021-12-24 10:32:27'),(12,'Subham Kundu','Subham Kundu','9830530463','',7,2,NULL,NULL,'West Bengal',NULL,NULL,NULL,NULL,0,0,0,0,1,'2021-12-24 10:32:27','2021-12-24 10:32:27'),(13,'Anup Pal','Anup Pal','9830530463','',7,2,NULL,NULL,'West Bengal',NULL,NULL,NULL,NULL,0,0,0,0,1,'2021-12-24 10:32:27','2021-12-24 10:32:27'),(14,'Poltu Das ','Poltu Das','7044711091','',11,2,NULL,NULL,'West Bengal',NULL,NULL,NULL,NULL,0,0,0,0,1,'2021-12-24 10:32:27','2021-12-24 10:32:27'),(15,'Biswajit Mondal','Biswajit Mondal','9830530463','',11,2,NULL,NULL,'West Bengal',NULL,NULL,NULL,NULL,0,0,0,0,1,'2021-12-24 10:32:28','2021-12-24 10:32:28'),(16,'Parimal pal','Parimal pal','9830530463','',11,2,NULL,NULL,'West Bengal',NULL,NULL,NULL,NULL,0,0,0,0,1,'2021-12-24 10:32:28','2021-12-24 10:32:28'),(17,'Sagar Nil Das','Sagar Nil Das','9830530463','',11,2,NULL,NULL,'West Bengal',NULL,NULL,NULL,NULL,0,0,0,0,1,'2021-12-24 10:32:28','2021-12-24 10:32:28'),(18,'Ananda Paul','Ananda Paul','9830530463','',11,2,NULL,NULL,'West Bengal',NULL,NULL,NULL,NULL,0,0,0,0,1,'2021-12-24 10:32:28','2021-12-24 10:32:28'),(19,'Tinku Pal','Tinku Pal','9830530463','',11,2,NULL,NULL,'West Bengal',NULL,NULL,NULL,NULL,0,0,0,0,1,'2021-12-24 10:32:28','2021-12-24 10:32:28'),(20,'Chandan Karmakar','Chandan Karmakar','9830530463','',11,2,NULL,NULL,'West Bengal',NULL,NULL,NULL,NULL,0,0,0,0,1,'2021-12-24 10:32:28','2021-12-24 10:32:28'),(21,'Subhash Singha Roy','Subhash Singha Roy','9830530463','',11,2,NULL,NULL,'West Bengal',NULL,NULL,NULL,NULL,0,0,0,0,1,'2021-12-24 10:32:28','2021-12-24 10:32:28'),(22,'Sona Das','Sona Das','9830530463','',11,2,NULL,NULL,'West Bengal',NULL,NULL,NULL,NULL,0,0,0,0,1,'2021-12-24 10:32:28','2021-12-24 10:32:28'),(23,'Khokon Dey','Khokon Dey','9830530463','',11,2,NULL,NULL,'West Bengal',NULL,NULL,NULL,NULL,0,0,0,0,1,'2021-12-24 10:32:28','2021-12-24 10:32:28'),(24,'Rana Mondal','Rana Mondal','9830530463','',11,2,NULL,NULL,'West Bengal',NULL,NULL,NULL,NULL,0,0,0,0,1,'2021-12-24 10:32:28','2021-12-24 10:32:28'),(25,'Debabrata Dey','Debabrata Dey','9830530463','',11,2,NULL,NULL,'West Bengal',NULL,NULL,NULL,NULL,0,0,0,0,1,'2021-12-24 10:32:28','2021-12-24 10:32:28'),(26,'Angana Jewellers','M/s Angana Jewellers','9831397484','546546464',10,1,'Barrackpore','Barrackpore','West Bengal','N.C. Pukur','Barrackpore','Shyamnagar','700123',0.22,20000,1000,10,1,'2021-12-24 10:32:29','2021-12-24 10:32:29'),(27,'Milan Kanak Sanj Jewellers','M/s Milan Kanak Sanj Jewellers','943382305','24338894',10,1,'Barrackpore','Barrackpore','West Bengal','N.C. Pukur','Barrackpore','Baruipur','700123',0.22,20000,1000,10,1,'2021-12-24 10:32:29','2021-12-24 10:32:29'),(28,'Jewell Garden (Khardha)','M/s Jewell Garden ','33-25685776','',10,1,'Barrackpore','Barrackpore','West Bengal','N.C. Pukur','Barrackpore','Khardha','700123',0.22,20000,1000,10,1,'2021-12-24 10:32:29','2021-12-24 10:32:29'),(29,'K . C Choudhury & Sons Jewellers','M/s K . C Choudhury & Sons Jewellers','33-25636117','',10,1,'Barrackpore','Barrackpore','West Bengal','N.C. Pukur','Barrackpore','Khardha','700123',0.22,20000,1000,10,1,'2021-12-24 10:32:29','2021-12-24 10:32:29'),(30,'New Anjali Jewellers','M/s New Anjali Jewellers','9831033871','/26641248',10,1,'Barrackpore','Barrackpore','West Bengal','N.C. Pukur','Barrackpore','Uttarpara','721158',0.22,20000,1000,10,1,'2021-12-24 10:32:29','2021-12-24 10:32:29'),(31,'Sukanya Jewellery House','M/s Sukanya Jewellery House','33-25681502','',10,1,'Barrackpore','Barrackpore','West Bengal','N.C. Pukur','Barrackpore','Khardha','700123',0.22,20000,1000,10,1,'2021-12-24 10:32:29','2021-12-24 10:32:29'),(32,'Subhasree Jewellers','M/s Subhasree Jewellers','7602429823','/8167802629',10,1,'Barrackpore','Barrackpore','West Bengal','N.C. Pukur','Barrackpore','Mecheda','700123',0.22,20000,1000,10,1,'2021-12-24 10:32:29','2021-12-24 10:32:29'),(33,'S.S. Paul Jewellers','M/s S.S. Paul Jewellers','9830585936','',10,1,'Barrackpore','Barrackpore','West Bengal','N.C. Pukur','Barrackpore','Dumdum','700123',0.22,20000,1000,10,1,'2021-12-24 10:32:29','2021-12-24 10:32:29'),(34,'Apan Jewellers','M/s Apan Jewellers','33-25386902','',10,1,'Barrackpore','Barrackpore','West Bengal','N.C. Pukur','Barrackpore','Madhyamgram','700123',0.22,20000,1000,10,1,'2021-12-24 10:32:29','2021-12-24 10:32:29'),(35,'Venus Jewellers','M/s Venus Jewellers','33-253816750',' , 983051222',10,1,'Barrackpore','Barrackpore','West Bengal','N.C. Pukur','Barrackpore','Madhyamgram ','700123',0.22,20000,1000,10,1,'2021-12-24 10:32:30','2021-12-24 10:32:30');
/*!40000 ALTER TABLE `people` ENABLE KEYS */;
UNLOCK TABLES;

--
-- Table structure for table `personal_access_tokens`
--

DROP TABLE IF EXISTS `personal_access_tokens`;
/*!40101 SET @saved_cs_client     = @@character_set_client */;
/*!50503 SET character_set_client = utf8mb4 */;
CREATE TABLE `personal_access_tokens` (
  `id` bigint unsigned NOT NULL AUTO_INCREMENT,
  `tokenable_type` varchar(255) COLLATE utf8mb4_unicode_ci NOT NULL,
  `tokenable_id` bigint unsigned NOT NULL,
  `name` varchar(255) COLLATE utf8mb4_unicode_ci NOT NULL,
  `token` varchar(64) COLLATE utf8mb4_unicode_ci NOT NULL,
  `abilities` text COLLATE utf8mb4_unicode_ci,
  `last_used_at` timestamp NULL DEFAULT NULL,
  `created_at` timestamp NULL DEFAULT NULL,
  `updated_at` timestamp NULL DEFAULT NULL,
  PRIMARY KEY (`id`),
  UNIQUE KEY `personal_access_tokens_token_unique` (`token`),
  KEY `personal_access_tokens_tokenable_type_tokenable_id_index` (`tokenable_type`,`tokenable_id`)
) ENGINE=InnoDB AUTO_INCREMENT=24 DEFAULT CHARSET=utf8mb4 COLLATE=utf8mb4_unicode_ci;
/*!40101 SET character_set_client = @saved_cs_client */;

--
-- Dumping data for table `personal_access_tokens`
--

LOCK TABLES `personal_access_tokens` WRITE;
/*!40000 ALTER TABLE `personal_access_tokens` DISABLE KEYS */;
INSERT INTO `personal_access_tokens` VALUES (1,'App\\Models\\User',2,'my-app-token','470b37ab87936ac6dc9ea947f6297b83bbf1799eb4078c8e1cbb7f364472ae42','[\"*\"]','2021-12-24 11:29:15','2021-12-24 10:33:43','2021-12-24 11:29:15'),(2,'App\\Models\\User',2,'my-app-token','196c8ba51cbc99afc528973cf5843bd1be70c1459595d70a5ded1a61260dc3a6','[\"*\"]','2021-12-25 06:47:18','2021-12-25 06:15:21','2021-12-25 06:47:18'),(3,'App\\Models\\User',2,'my-app-token','ea9f3d9cfbc8d6694ecffbc62b1f81a433dbc03405c3f08bb05212808d8e777b','[\"*\"]','2021-12-27 05:00:58','2021-12-27 04:46:11','2021-12-27 05:00:58'),(4,'App\\Models\\User',2,'my-app-token','093c69e75bb8d02ef11c5ae87e466aa951ff49f58416dd0cbb41a653a9908acf','[\"*\"]','2021-12-27 06:02:44','2021-12-27 05:01:25','2021-12-27 06:02:44'),(5,'App\\Models\\User',2,'my-app-token','8e7700df22e4e98867475b0811d92d5377a8e620b9bd3e9a1c431e05a72d0ace','[\"*\"]','2021-12-28 10:53:13','2021-12-28 04:16:07','2021-12-28 10:53:13'),(6,'App\\Models\\User',2,'my-app-token','1a190ccb3ab0d758fdd8eec42c3d80d9f0bdbcab0c593251f8be1a961dab5363','[\"*\"]','2021-12-30 07:52:30','2021-12-30 06:08:10','2021-12-30 07:52:30'),(7,'App\\Models\\User',2,'my-app-token','7ca934ce26f98162a563febddc72f4669fd343b4cc09fb17640340f8460c605b','[\"*\"]','2022-01-03 07:59:04','2021-12-31 07:32:55','2022-01-03 07:59:04'),(8,'App\\Models\\User',2,'my-app-token','033297f5e4bf1b2db1f103484f94f83026e8dd17a82fcfc64fc0cde97aaf127f','[\"*\"]','2021-12-31 08:04:09','2021-12-31 07:44:14','2021-12-31 08:04:09'),(9,'App\\Models\\User',2,'my-app-token','f6015619e13a8bc09abe2b8460ce671b20b4e4686c25a54569684002e46dba18','[\"*\"]','2021-12-31 08:34:10','2021-12-31 08:10:06','2021-12-31 08:34:10'),(10,'App\\Models\\User',2,'my-app-token','d6a52a0553ddd7fab10328dcc76bc390a398a056cef7482ce67719bafd74dcd3','[\"*\"]','2022-01-01 06:51:19','2022-01-01 06:34:22','2022-01-01 06:51:19'),(11,'App\\Models\\User',2,'my-app-token','64259d6580ae16713372924d5f50f88681e41fd470019938b87cc80191bd00a1','[\"*\"]','2022-01-04 04:03:54','2022-01-04 03:38:30','2022-01-04 04:03:54'),(12,'App\\Models\\User',2,'my-app-token','a60d80c23d6ae5e9d21a0d3550c4e6b4871b76bffa5c0c1442b7b09084e0ddbc','[\"*\"]','2022-01-04 04:07:23','2022-01-04 04:04:14','2022-01-04 04:07:23'),(13,'App\\Models\\User',2,'my-app-token','bb835c45bb15e92ab83d91605cd47b374cb5f2276db6696097c38cca1767555b','[\"*\"]','2022-01-04 05:51:09','2022-01-04 05:41:48','2022-01-04 05:51:09'),(14,'App\\Models\\User',2,'my-app-token','096f237b0ddba466765300a7cb5c77e00ddda053f934f6b9fe7c32f7781376fe','[\"*\"]','2022-01-05 07:39:03','2022-01-05 07:38:38','2022-01-05 07:39:03'),(15,'App\\Models\\User',2,'my-app-token','5d17f62225804f0c76cfad360158e44aff499968c419dfe8aa4f50e54b6bc919','[\"*\"]','2022-01-07 08:25:23','2022-01-05 07:56:51','2022-01-07 08:25:23'),(16,'App\\Models\\User',2,'my-app-token','42e154d001942abeed8ecac76009c8e5558baf03ee81a0363a2c2a379d145786','[\"*\"]','2022-01-06 07:36:29','2022-01-06 07:32:23','2022-01-06 07:36:29'),(17,'App\\Models\\User',2,'my-app-token','b25f7d42e5a960d78716717d511bd66568a12a496aa0cddd3181200bf1846d00','[\"*\"]','2022-01-07 06:42:41','2022-01-07 06:25:40','2022-01-07 06:42:41'),(18,'App\\Models\\User',2,'my-app-token','366c6faa283d1be8dd0feee2037328a1605de05aef96601a98360bf6942f1cd6','[\"*\"]','2022-01-07 07:46:45','2022-01-07 07:31:18','2022-01-07 07:46:45'),(19,'App\\Models\\User',2,'my-app-token','c0d31d7d5f66dd5512d2a6c6e82415d10789593bc1bce31f707e7bdd333a00eb','[\"*\"]','2022-01-07 08:13:21','2022-01-07 08:11:09','2022-01-07 08:13:21'),(20,'App\\Models\\User',2,'my-app-token','f0532a04991dbef7b0e0dd1720389a41eb8021fa9e82c0bf1ad9a954532b1ee5','[\"*\"]','2022-01-07 08:14:17','2022-01-07 08:14:09','2022-01-07 08:14:17'),(21,'App\\Models\\User',2,'my-app-token','19f46f97d6d54a5266ec42c3ff2b81ce7ab40222632f56e7168ab8ad6d362b99','[\"*\"]','2022-01-07 08:19:23','2022-01-07 08:19:15','2022-01-07 08:19:23'),(22,'App\\Models\\User',2,'my-app-token','92fd207cc8c39d8bd5a4757eb6de6f30281edc63be9f4c64789e54006e83e366','[\"*\"]','2022-01-07 08:24:45','2022-01-07 08:24:28','2022-01-07 08:24:45'),(23,'App\\Models\\User',2,'my-app-token','5c94bd2acd50bbb0a63ed1da391f56eed431c8a1a8a8efb58fa83d6612b9f7f4','[\"*\"]','2022-01-07 08:32:42','2022-01-07 08:32:31','2022-01-07 08:32:42');
/*!40000 ALTER TABLE `personal_access_tokens` ENABLE KEYS */;
UNLOCK TABLES;

--
-- Table structure for table `price_codes`
--

DROP TABLE IF EXISTS `price_codes`;
/*!40101 SET @saved_cs_client     = @@character_set_client */;
/*!50503 SET character_set_client = utf8mb4 */;
CREATE TABLE `price_codes` (
  `id` bigint unsigned NOT NULL AUTO_INCREMENT,
  `price_code_name` varchar(5) COLLATE utf8mb4_unicode_ci NOT NULL,
  `inforced` tinyint NOT NULL DEFAULT '1',
  `created_at` timestamp NULL DEFAULT NULL,
  `updated_at` timestamp NULL DEFAULT NULL,
  PRIMARY KEY (`id`)
) ENGINE=InnoDB AUTO_INCREMENT=35 DEFAULT CHARSET=utf8mb4 COLLATE=utf8mb4_unicode_ci;
/*!40101 SET character_set_client = @saved_cs_client */;

--
-- Dumping data for table `price_codes`
--

LOCK TABLES `price_codes` WRITE;
/*!40000 ALTER TABLE `price_codes` DISABLE KEYS */;
INSERT INTO `price_codes` VALUES (1,'A',1,'2021-12-24 10:32:07','2021-12-24 10:32:07'),(2,'B',1,'2021-12-24 10:32:07','2021-12-24 10:32:07'),(3,'C',1,'2021-12-24 10:32:07','2021-12-24 10:32:07'),(4,'D',1,'2021-12-24 10:32:07','2021-12-24 10:32:07'),(5,'E',1,'2021-12-24 10:32:07','2021-12-24 10:32:07'),(6,'F',1,'2021-12-24 10:32:07','2021-12-24 10:32:07'),(7,'G',1,'2021-12-24 10:32:07','2021-12-24 10:32:07'),(8,'H',1,'2021-12-24 10:32:07','2021-12-24 10:32:07'),(9,'I',1,'2021-12-24 10:32:07','2021-12-24 10:32:07'),(10,'J',1,'2021-12-24 10:32:08','2021-12-24 10:32:08'),(11,'K',1,'2021-12-24 10:32:08','2021-12-24 10:32:08'),(12,'L',1,'2021-12-24 10:32:08','2021-12-24 10:32:08'),(13,'M',1,'2021-12-24 10:32:08','2021-12-24 10:32:08'),(14,'N',1,'2021-12-24 10:32:08','2021-12-24 10:32:08'),(15,'O',1,'2021-12-24 10:32:08','2021-12-24 10:32:08'),(16,'P',1,'2021-12-24 10:32:08','2021-12-24 10:32:08'),(17,'Q',1,'2021-12-24 10:32:08','2021-12-24 10:32:08'),(18,'R',1,'2021-12-24 10:32:08','2021-12-24 10:32:08'),(19,'S',1,'2021-12-24 10:32:08','2021-12-24 10:32:08'),(20,'T',1,'2021-12-24 10:32:08','2021-12-24 10:32:08'),(21,'U',1,'2021-12-24 10:32:08','2021-12-24 10:32:08'),(22,'V',1,'2021-12-24 10:32:08','2021-12-24 10:32:08'),(23,'W',1,'2021-12-24 10:32:09','2021-12-24 10:32:09'),(24,'X',1,'2021-12-24 10:32:09','2021-12-24 10:32:09'),(25,'Y',1,'2021-12-24 10:32:09','2021-12-24 10:32:09'),(26,'Z',1,'2021-12-24 10:32:09','2021-12-24 10:32:09'),(27,'AA',1,'2021-12-24 10:32:09','2021-12-24 10:32:09'),(28,'FI',1,'2021-12-24 10:32:09','2021-12-24 10:32:09'),(29,'FJ',1,'2021-12-24 10:32:09','2021-12-24 10:32:09'),(30,'FK',1,'2021-12-24 10:32:09','2021-12-24 10:32:09'),(31,'FL',1,'2021-12-24 10:32:09','2021-12-24 10:32:09'),(32,'FM',1,'2021-12-24 10:32:09','2021-12-24 10:32:09'),(33,'FN',1,'2021-12-24 10:32:09','2021-12-24 10:32:09'),(34,'FO',1,'2021-12-24 10:32:09','2021-12-24 10:32:09');
/*!40000 ALTER TABLE `price_codes` ENABLE KEYS */;
UNLOCK TABLES;

--
-- Table structure for table `product_categories`
--

DROP TABLE IF EXISTS `product_categories`;
/*!40101 SET @saved_cs_client     = @@character_set_client */;
/*!50503 SET character_set_client = utf8mb4 */;
CREATE TABLE `product_categories` (
  `id` bigint unsigned NOT NULL AUTO_INCREMENT,
  `category_name` varchar(255) COLLATE utf8mb4_unicode_ci NOT NULL,
  `inforced` tinyint NOT NULL DEFAULT '1',
  `created_at` timestamp NULL DEFAULT NULL,
  `updated_at` timestamp NULL DEFAULT NULL,
  PRIMARY KEY (`id`)
) ENGINE=InnoDB AUTO_INCREMENT=13 DEFAULT CHARSET=utf8mb4 COLLATE=utf8mb4_unicode_ci;
/*!40101 SET character_set_client = @saved_cs_client */;

--
-- Dumping data for table `product_categories`
--

LOCK TABLES `product_categories` WRITE;
/*!40000 ALTER TABLE `product_categories` DISABLE KEYS */;
INSERT INTO `product_categories` VALUES (1,'Baby',1,'2021-12-24 10:32:09','2021-12-24 10:32:09'),(2,'churi',1,'2021-12-24 10:32:10','2021-12-24 10:32:10'),(3,'solid churi',1,'2021-12-24 10:32:10','2021-12-24 10:32:10'),(4,'Mina Thokai patla',1,'2021-12-24 10:32:10','2021-12-24 10:32:10'),(5,'Thokai Churi',1,'2021-12-24 10:32:10','2021-12-24 10:32:10'),(6,'Bouty',1,'2021-12-24 10:32:10','2021-12-24 10:32:10'),(7,'Thokai Patla',1,'2021-12-24 10:32:10','2021-12-24 10:32:10'),(8,'Kankan',1,'2021-12-24 10:32:10','2021-12-24 10:32:10'),(9,'Xsample',1,'2021-12-24 10:32:10','2021-12-24 10:32:10'),(10,'Mima Churi',1,'2021-12-24 10:32:10','2021-12-24 10:32:10'),(11,'Holo Churi',1,'2021-12-24 10:32:10','2021-12-24 10:32:10'),(12,'Holo',1,'2021-12-24 10:32:10','2021-12-24 10:32:10');
/*!40000 ALTER TABLE `product_categories` ENABLE KEYS */;
UNLOCK TABLES;

--
-- Table structure for table `products`
--

DROP TABLE IF EXISTS `products`;
/*!40101 SET @saved_cs_client     = @@character_set_client */;
/*!50503 SET character_set_client = utf8mb4 */;
CREATE TABLE `products` (
  `id` bigint unsigned NOT NULL AUTO_INCREMENT,
  `model_number` varchar(40) COLLATE utf8mb4_unicode_ci NOT NULL,
  `product_name` varchar(110) COLLATE utf8mb4_unicode_ci NOT NULL,
  `product_category_id` bigint unsigned NOT NULL,
  `price_code_id` bigint unsigned NOT NULL,
  `product_mv` double NOT NULL DEFAULT '0.01',
  `inforced` tinyint NOT NULL DEFAULT '1',
  `created_at` timestamp NULL DEFAULT NULL,
  `updated_at` timestamp NULL DEFAULT NULL,
  PRIMARY KEY (`id`),
  UNIQUE KEY `products_model_number_unique` (`model_number`),
  KEY `products_product_category_id_foreign` (`product_category_id`),
  KEY `products_price_code_id_foreign` (`price_code_id`),
  CONSTRAINT `products_price_code_id_foreign` FOREIGN KEY (`price_code_id`) REFERENCES `price_codes` (`id`),
  CONSTRAINT `products_product_category_id_foreign` FOREIGN KEY (`product_category_id`) REFERENCES `product_categories` (`id`)
) ENGINE=InnoDB AUTO_INCREMENT=2980 DEFAULT CHARSET=utf8mb4 COLLATE=utf8mb4_unicode_ci;
/*!40101 SET character_set_client = @saved_cs_client */;

--
-- Dumping data for table `products`
--

LOCK TABLES `products` WRITE;
/*!40000 ALTER TABLE `products` DISABLE KEYS */;
INSERT INTO `products` VALUES (1,'B7001','BABY',1,7,0.01,1,NULL,NULL),(2,'B7002','Baby Bangle',1,7,0.01,1,NULL,NULL),(3,'B7003','BABY BANGLE',1,8,0.01,1,NULL,NULL),(4,'B7004','baby bangle',1,8,0.01,1,NULL,NULL),(5,'B7008','baby',1,7,0.01,1,NULL,NULL),(6,'B7009','Baby Bangle',1,7,0.01,1,NULL,NULL),(7,'B7013','BABY BANGLE',1,7,0.01,1,NULL,NULL),(8,'B7014','Baby Bangle',1,8,0.01,1,NULL,NULL),(9,'B7018','Baby Bangle',1,8,0.01,1,NULL,NULL),(10,'B7021','Baby Bangle',1,7,0.01,1,NULL,NULL),(11,'B7022','BABY BANGLE',1,8,0.01,1,NULL,NULL),(12,'B7023','Baby Bangle',1,7,0.01,1,NULL,NULL),(13,'B7024','BABY',1,6,0.01,1,NULL,NULL),(14,'B7025','BABY',1,7,0.01,1,NULL,NULL),(15,'B7026','New Model',1,7,0.01,1,NULL,NULL),(16,'B7027','Baby Bangle',1,5,0.01,1,NULL,NULL),(17,'B7032','BANGALE',1,7,0.01,1,NULL,NULL),(18,'B7035','Baby Bangle',1,7,0.01,1,NULL,NULL),(19,'B7042','baby',1,6,0.01,1,NULL,NULL),(20,'B7043','baby',1,7,0.01,1,NULL,NULL),(21,'B7044','BABY BANGLE',1,6,0.01,1,NULL,NULL),(22,'B7050','bangale',1,7,0.01,1,NULL,NULL),(23,'B7052','Baby Bangle',1,7,0.01,1,NULL,NULL),(24,'B7054','Baby Bangle',1,7,0.01,1,NULL,NULL),(25,'B7059','Baby Bangle',1,7,0.01,1,NULL,NULL),(26,'B7060','Baby Bangle',1,7,0.01,1,NULL,NULL),(27,'B7061','Baby Bangle',1,6,0.01,1,NULL,NULL),(28,'B7062','Baby Bangle',1,7,0.01,1,NULL,NULL),(29,'B7066','Baby Bangle',1,7,0.01,1,NULL,NULL),(30,'B7068','baby',1,7,0.01,1,NULL,NULL),(31,'B7069','Baby Bangle',1,8,0.01,1,NULL,NULL),(32,'B7079','Baby Bangle',1,4,0.01,1,NULL,NULL),(33,'B7088','BABY BANGLE',1,4,0.01,1,NULL,NULL),(34,'B7096','bangle',1,7,0.01,1,NULL,NULL),(35,'B7097','baby',1,7,0.01,1,NULL,NULL),(36,'B7098','BANGALE',1,7,0.01,1,NULL,NULL),(37,'B7099','baby bangle',1,7,0.01,1,NULL,NULL),(38,'B7100','Baby Bangle',1,7,0.01,1,NULL,NULL),(39,'B7112','Baby Bangle',1,3,0.01,1,NULL,NULL),(40,'B7115','Baby Bangle',1,7,0.01,1,NULL,NULL),(41,'B7116','CHURI',1,2,0.01,1,NULL,NULL),(42,'B7117','Baby Bangle',1,7,0.01,1,NULL,NULL),(43,'B7222','LOW',1,6,0.01,1,NULL,NULL),(44,'B7333','Baby Bangle',1,7,0.01,1,NULL,NULL),(45,'C2772','CHURI',1,12,0.01,1,NULL,NULL),(46,'C2773','CHURI',1,12,0.01,1,NULL,NULL),(47,'F0002','TEENAGER',1,16,0.01,1,NULL,NULL),(48,'F0003','TEENAGER',1,16,0.01,1,NULL,NULL),(49,'F1223','TEENAGER',1,16,0.01,1,NULL,NULL),(50,'F1224','TEENAGER',1,14,0.01,1,NULL,NULL),(51,'F1225','TEENAGER',1,17,0.01,1,NULL,NULL),(52,'F1226','TEENAGER',1,16,0.01,1,NULL,NULL),(53,'F1227','TEENAGER',1,16,0.01,1,NULL,NULL),(54,'F1228','TEENAGER',1,22,0.01,1,NULL,NULL),(55,'F1232','TEENAGER',1,13,0.01,1,NULL,NULL),(56,'F1234','TEENAGER',1,16,0.01,1,NULL,NULL),(57,'L0001','BALA',1,24,0.01,1,NULL,NULL),(58,'L0002','BALA',1,24,0.01,1,NULL,NULL),(59,'L0003','BALA',1,24,0.01,1,NULL,NULL),(60,'L0004','BALA',1,24,0.01,1,NULL,NULL),(61,'L0005','BALA',1,24,0.01,1,NULL,NULL),(62,'L0006','BALA',1,24,0.01,1,NULL,NULL),(63,'L0007','BALA',1,24,0.01,1,NULL,NULL),(64,'L0008','BALA',1,24,0.01,1,NULL,NULL),(65,'L0009','BALA',1,24,0.01,1,NULL,NULL),(66,'L0010','BALA',1,24,0.01,1,NULL,NULL),(67,'L0011','BALA',1,24,0.01,1,NULL,NULL),(68,'L0012','BALA',1,24,0.01,1,NULL,NULL),(69,'L0013','BALA',1,24,0.01,1,NULL,NULL),(70,'L0014','BALA',1,24,0.01,1,NULL,NULL),(71,'L0015','BALA',1,24,0.01,1,NULL,NULL),(72,'L0016','BALA',1,24,0.01,1,NULL,NULL),(73,'L0017','BALA',1,24,0.01,1,NULL,NULL),(74,'L0018','Bala',1,24,0.01,1,NULL,NULL),(75,'L0019','BALA',1,24,0.01,1,NULL,NULL),(76,'L0020','bala',1,24,0.01,1,NULL,NULL),(77,'L0021','BALA',1,24,0.01,1,NULL,NULL),(78,'L0022','BALA',1,24,0.01,1,NULL,NULL),(79,'L0023','BALA',1,24,0.01,1,NULL,NULL),(80,'L0024','BALA',1,24,0.01,1,NULL,NULL),(81,'L0025','bala',1,24,0.01,1,NULL,NULL),(82,'L0026','BALA',1,24,0.01,1,NULL,NULL),(83,'L0027','BALA',1,24,0.01,1,NULL,NULL),(84,'L0028','Bala',1,24,0.01,1,NULL,NULL),(85,'L0101','MINA BALA',1,25,0.01,1,NULL,NULL),(86,'L0102','MINA BALA',1,25,0.01,1,NULL,NULL),(87,'L0103','MINA BALA',1,25,0.01,1,NULL,NULL),(88,'L0104','MINA BALA',1,25,0.01,1,NULL,NULL),(89,'L0105','MINA BALA',1,25,0.01,1,NULL,NULL),(90,'L0106','MINA BALA',1,25,0.01,1,NULL,NULL),(91,'L0107','MINA BALA',1,25,0.01,1,NULL,NULL),(92,'L0108','BALA',1,25,0.01,1,NULL,NULL),(93,'L0109','MINA BALA',1,25,0.01,1,NULL,NULL),(94,'L0110','BALA',1,25,0.01,1,NULL,NULL),(95,'M0431','CHURI',1,15,0.01,1,NULL,NULL),(96,'N6028','New Model',1,15,0.01,1,NULL,NULL),(97,'N6029','baby',1,15,0.01,1,NULL,NULL),(98,'N6030','bangale',1,15,0.01,1,NULL,NULL),(99,'N6031','BANGAL',1,15,0.01,1,NULL,NULL),(100,'N6032','bangale',1,15,0.01,1,NULL,NULL),(101,'N6033','BANGALE',1,15,0.01,1,NULL,NULL),(102,'N6034','BANGALE',1,15,0.01,1,NULL,NULL),(103,'N6035','bangale',1,15,0.01,1,NULL,NULL),(104,'N6036','BANGALE',1,15,0.01,1,NULL,NULL),(105,'N6039','bangale',1,15,0.01,1,NULL,NULL),(106,'C0001','Thokai Bangla Churi Soru ',2,7,0.01,1,NULL,NULL),(107,'C0002','Thokai Bangla Churi Soru ',2,7,0.01,1,NULL,NULL),(108,'C0003','Thokai Bangla Churi Soru ',2,6,0.01,1,NULL,NULL),(109,'C0004','Thokai Bangal Churi Soru ',2,6,0.01,1,NULL,NULL),(110,'C0005','Thokai Bangla Churi Soru ',2,6,0.01,1,NULL,NULL),(111,'C0006','Thokai Bangla Churi Soru ',2,7,0.01,1,NULL,NULL),(112,'C0007','Thokai Churi',2,7,0.01,1,NULL,NULL),(113,'C0008','Thokai Bangla Churi Soru ',2,6,0.01,1,NULL,NULL),(114,'C0009','Thokai Bangla Churi Soru ',2,6,0.01,1,NULL,NULL),(115,'C0010','Thokai Bangla Churi Soru ',2,7,0.01,1,NULL,NULL),(116,'C0011','Thokai Bangla Churi Soru ',2,7,0.01,1,NULL,NULL),(117,'C0012','Thokai Bangla Churi Soru  ',2,6,0.01,1,NULL,NULL),(118,'C0013','Thokai Bangla Churi Soru ',2,6,0.01,1,NULL,NULL),(119,'C0014','Thokai Bangla Churi Soru ',2,6,0.01,1,NULL,NULL),(120,'C0015','Thokai Bangla Churi Soru ',2,6,0.01,1,NULL,NULL),(121,'C0016','Thokai Bangla Churi Soru ',2,6,0.01,1,NULL,NULL),(122,'C0017','Thokai Bangla Churi Soru ',2,7,0.01,1,NULL,NULL),(123,'C0018','Thokai Bangla Churi Soru ',2,6,0.01,1,NULL,NULL),(124,'C0019','Thokai Bangla Churi Soru ',2,6,0.01,1,NULL,NULL),(125,'C0020','Thokai Bangla Churi Soru ',2,6,0.01,1,NULL,NULL),(126,'C0022','Thokai Bangla Churi Soru ',2,8,0.01,1,NULL,NULL),(127,'C0023','Thokai Bangla Churi Soru ',2,7,0.01,1,NULL,NULL),(128,'C0024','Thokai Bangla Churi Soru ',2,7,0.01,1,NULL,NULL),(129,'C0025','Thokai Bangla Churi Soru ',2,7,0.01,1,NULL,NULL),(130,'C0026','Thokai Bangla Churi Soru ',2,7,0.01,1,NULL,NULL),(131,'C0027','Thokai Bangla Churi Soru ',2,7,0.01,1,NULL,NULL),(132,'C0028','Thokai Bangla Churi Soru ',2,7,0.01,1,NULL,NULL),(133,'C0029','Thokai Bangla Churi Soru ',2,7,0.01,1,NULL,NULL),(134,'C0030','Thokai Bangla Churi Soru ',2,7,0.01,1,NULL,NULL),(135,'C0031','Thokai Bangla Churi Soru ',2,8,0.01,1,NULL,NULL),(136,'C0032','Thokai Bangla Churi Soru ',2,7,0.01,1,NULL,NULL),(137,'C0033','Thokai Bangla Churi Soru ',2,8,0.01,1,NULL,NULL),(138,'C0034','Thokai Bangla Churi Soru ',2,7,0.01,1,NULL,NULL),(139,'C0035','Thokai Bangla Churi Soru ',2,7,0.01,1,NULL,NULL),(140,'C0036','Thokai bangla churi majhari',2,7,0.01,1,NULL,NULL),(141,'C0037','Thokai bangla churi majhari',2,7,0.01,1,NULL,NULL),(142,'C0038','Thokai bangla churi majhari',2,7,0.01,1,NULL,NULL),(143,'C0039','Thokai bangla churi majhari',2,7,0.01,1,NULL,NULL),(144,'C0040','Thokai bangla churi majhari',2,7,0.01,1,NULL,NULL),(145,'C0041','Thokai bangla churi majhari',2,7,0.01,1,NULL,NULL),(146,'C0042','Thokai bangal churi majhari',2,7,0.01,1,NULL,NULL),(147,'C0043','Thokai bangal churi majhari',2,7,0.01,1,NULL,NULL),(148,'C0044','Thokai bangal churi majhari',2,7,0.01,1,NULL,NULL),(149,'C0045','Thokai bangal churi majhari',2,7,0.01,1,NULL,NULL),(150,'C0046','Thokai bangal churi majhari',2,7,0.01,1,NULL,NULL),(151,'C0047','Thokai bangal churi majhari',2,7,0.01,1,NULL,NULL),(152,'C0048','Thokai bangal churi majhari',2,7,0.01,1,NULL,NULL),(153,'C0049','Thokai bangal churi majhari',2,7,0.01,1,NULL,NULL),(154,'C0050','Thokai bangal churi majhari',2,7,0.01,1,NULL,NULL),(155,'C0051','Thokai bangal churi majhari',2,7,0.01,1,NULL,NULL),(156,'C0052','Thokai bangal churi majhari',2,7,0.01,1,NULL,NULL),(157,'C0053','Thokai bangal churi majhari',2,7,0.01,1,NULL,NULL),(158,'C0054','Thokai bangal churi majhari',2,7,0.01,1,NULL,NULL),(159,'C0055','Thokai bangal churi majhari',2,7,0.01,1,NULL,NULL),(160,'C0056','Thokai bangal churi majhari',2,7,0.01,1,NULL,NULL),(161,'C0057','Thokai bangal churi majhari',2,7,0.01,1,NULL,NULL),(162,'C0058','Thokai bangal churi majhari',2,7,0.01,1,NULL,NULL),(163,'C0059','Thokai bangal churi majhari',2,7,0.01,1,NULL,NULL),(164,'C0060','Thokai bangal churi majhari',2,8,0.01,1,NULL,NULL),(165,'C0061','Thokai bangal churi majhari',2,7,0.01,1,NULL,NULL),(166,'C0062','Thokai bangal churi majhari',2,7,0.01,1,NULL,NULL),(167,'C0063','Thokai bangal churi majhari',2,7,0.01,1,NULL,NULL),(168,'C0064','Thokai bangal churi majhari',2,7,0.01,1,NULL,NULL),(169,'C0065','Thokai bangal churi majhari',2,7,0.01,1,NULL,NULL),(170,'C0066','Thokai bangal churi majhari',2,7,0.01,1,NULL,NULL),(171,'C0067','Thokai bangal churi majhari',2,7,0.01,1,NULL,NULL),(172,'C0068','Thokai bangal churi majhari',2,7,0.01,1,NULL,NULL),(173,'C0069','Thokai bangal churi majhari',2,7,0.01,1,NULL,NULL),(174,'C0070','Thokai bangal churi majhari',2,8,0.01,1,NULL,NULL),(175,'C0072','Thokai bangal mena churi majari',2,7,0.01,1,NULL,NULL),(176,'C0073','Thokai bangal mena churi majari',2,7,0.01,1,NULL,NULL),(177,'C0074','Thokai bangal mena churi majari',2,8,0.01,1,NULL,NULL),(178,'C0075','Thokai bangal mena churi majari',2,9,0.01,1,NULL,NULL),(179,'C0076','Thokai bangal mena churi majari',2,8,0.01,1,NULL,NULL),(180,'C0077','Thokai bangal mena churi majari',2,7,0.01,1,NULL,NULL),(181,'C0078','Thokai bangla churi majari',2,8,0.01,1,NULL,NULL),(182,'C0079','THOKAI DD CHURI SORU',2,6,0.01,1,NULL,NULL),(183,'C0080','Thokai bangal mena churi majari',2,6,0.01,1,NULL,NULL),(184,'C0081','Thokai bangal churi majari',2,7,0.01,1,NULL,NULL),(185,'C0082','Thokai bangal mena churi majari',2,8,0.01,1,NULL,NULL),(186,'C0083','Thokai bangal mena churi majari',2,8,0.01,1,NULL,NULL),(187,'C0084','Thokai bangal mena churi majari',2,8,0.01,1,NULL,NULL),(188,'C0085','Thokai bangal mena churi majari',2,8,0.01,1,NULL,NULL),(189,'C0086','Thokai bangal mena churi majari',2,7,0.01,1,NULL,NULL),(190,'C0087','Thokai bangal mena churi majari',2,7,0.01,1,NULL,NULL),(191,'C0089','Thokai bangal mena churi majari',2,8,0.01,1,NULL,NULL),(192,'C0090','Thokai bangal mena churi majari',2,7,0.01,1,NULL,NULL),(193,'C0091','Thokai bangal mena churi majari',2,7,0.01,1,NULL,NULL),(194,'C0092','Thokai bangal mena churi majari',2,7,0.01,1,NULL,NULL),(195,'C0093','Thokai churi',2,7,0.01,1,NULL,NULL),(196,'C0094','Thokai bangal mena churi majari',2,7,0.01,1,NULL,NULL),(197,'C0095','Thokai Churi',2,7,0.01,1,NULL,NULL),(198,'C0096','Thokai churi',2,7,0.01,1,NULL,NULL),(199,'C0097','Thokai churi',2,11,0.01,1,NULL,NULL),(200,'C0098','Thokai churi',2,7,0.01,1,NULL,NULL),(201,'C0099','Thokai churi',2,7,0.01,1,NULL,NULL),(202,'C0100','Thokai churi',2,8,0.01,1,NULL,NULL),(203,'C0101','Machin chala flat churi saru',2,6,0.01,1,NULL,NULL),(204,'C0102','Machin chala flat churi ',2,6,0.01,1,NULL,NULL),(205,'C0103','Machin chala flat churi ',2,6,0.01,1,NULL,NULL),(206,'C0104','Machin chala flat churi ',2,6,0.01,1,NULL,NULL),(207,'C0105','Machin chala flat churi ',2,6,0.01,1,NULL,NULL),(208,'C0106','Machin chala flat churi ',2,7,0.01,1,NULL,NULL),(209,'C0107','Machin chala flat churi ',2,9,0.01,1,NULL,NULL),(210,'C0108','Machin chala flat churi ',2,6,0.01,1,NULL,NULL),(211,'C0109','Machine chela flat churi ',2,6,0.01,1,NULL,NULL),(212,'C0110','Machin chala flat churi ',2,6,0.01,1,NULL,NULL),(213,'C0111','Machin chala flat mena churi saru',2,6,0.01,1,NULL,NULL),(214,'C0112','Machin chala flat mena churi saru',2,6,0.01,1,NULL,NULL),(215,'C0113','Machin chala flat mena churi saru',2,6,0.01,1,NULL,NULL),(216,'C0114','Machin chala flat mena churi saru',2,7,0.01,1,NULL,NULL),(217,'C0115','Machin chala flat mena churi saru',2,6,0.01,1,NULL,NULL),(218,'C0116','Machin chala flat  churi majhari',2,6,0.01,1,NULL,NULL),(219,'C0117','Machin chala flat  churi majhari',2,7,0.01,1,NULL,NULL),(220,'C0118','Machin chala flat  churi majhari',2,7,0.01,1,NULL,NULL),(221,'C0119','Machin chala flat  churi majhari',2,6,0.01,1,NULL,NULL),(222,'C0120','Machin chala flat  churi majhari',2,7,0.01,1,NULL,NULL),(223,'C0121','Machin chala flat  churi majhari',2,6,0.01,1,NULL,NULL),(224,'C0122','Machin chala flat  churi majhari',2,7,0.01,1,NULL,NULL),(225,'C0123','Machin chala flat  churi majhari',2,6,0.01,1,NULL,NULL),(226,'C0124','Machin chala flat  churi majhari',2,6,0.01,1,NULL,NULL),(227,'C0125','Machin chala flat  churi majhari',2,6,0.01,1,NULL,NULL),(228,'C0126','Machin chala flat  churi majhari',2,6,0.01,1,NULL,NULL),(229,'C0127','Machin chala flat  churi majhari',2,6,0.01,1,NULL,NULL),(230,'C0128','Machin chala flat  churi majhari',2,6,0.01,1,NULL,NULL),(231,'C0129','Machin chala flat  churi majhari',2,6,0.01,1,NULL,NULL),(232,'C0130','Machin chala flat  churi majhari',2,9,0.01,1,NULL,NULL),(233,'C0131','Machin chala flat  churi majhari',2,7,0.01,1,NULL,NULL),(234,'C0132','Machin chala flat  churi majhari',2,6,0.01,1,NULL,NULL),(235,'C0133','Machin chala flat  churi majhari',2,6,0.01,1,NULL,NULL),(236,'C0134','Machin chala flat  churi majhari',2,7,0.01,1,NULL,NULL),(237,'C0135','Machin chala flat  churi majhari',2,7,0.01,1,NULL,NULL),(238,'C0136','Machin chala flat  churi majhari',2,7,0.01,1,NULL,NULL),(239,'C0137','Machin chala flat  churi majhari',2,6,0.01,1,NULL,NULL),(240,'C0138','Machin chala flat  churi majhari',2,6,0.01,1,NULL,NULL),(241,'C0139','Machin chala flat  churi majhari',2,6,0.01,1,NULL,NULL),(242,'C0140','Machin chala flat  churi majhari',2,7,0.01,1,NULL,NULL),(243,'C0142','Machin chala flat mena churi majhari',2,7,0.01,1,NULL,NULL),(244,'C0143','Machin chala flat mena churi majhari',2,7,0.01,1,NULL,NULL),(245,'C0144','Machin chala flat mena churi majhari',2,7,0.01,1,NULL,NULL),(246,'C0145','Machin chala flat mena churi majhari',2,10,0.01,1,NULL,NULL),(247,'C0146','Machin chala flat mena churi majhari',2,10,0.01,1,NULL,NULL),(248,'C0147','Machin chala flat mena churi majhari',2,7,0.01,1,NULL,NULL),(249,'C0148','Machin chala flat mena churi majhari',2,7,0.01,1,NULL,NULL),(250,'C0149','Machin chala flat mena churi majhari',2,7,0.01,1,NULL,NULL),(251,'C0150','Machin chala flat mena churi majhari',2,7,0.01,1,NULL,NULL),(252,'C0151','Machin chala flat mena churi majhari',2,8,0.01,1,NULL,NULL),(253,'C0152','Machin chala flat mena churi majhari',2,9,0.01,1,NULL,NULL),(254,'C0153','Machin chala flat mena churi majhari',2,7,0.01,1,NULL,NULL),(255,'C0154','Machin chala flat mena churi majhari',2,8,0.01,1,NULL,NULL),(256,'C0155','Machin chala flat mena churi majhari',2,8,0.01,1,NULL,NULL),(257,'C0156','Machin chala flat mena churi majhari',2,8,0.01,1,NULL,NULL),(258,'C0157','Machin chala flat mena churi majhari',2,8,0.01,1,NULL,NULL),(259,'C0158','Machin chala flat mena churi majhari',2,7,0.01,1,NULL,NULL),(260,'C0159','Machin chala flat mena churi majhari',2,9,0.01,1,NULL,NULL),(261,'C0160','Machin chala flat mena churi majhari',2,7,0.01,1,NULL,NULL),(262,'C0161','Machin chala flat mena churi majhari',2,9,0.01,1,NULL,NULL),(263,'C0162','Machin chala flat mena churi majhari',2,8,0.01,1,NULL,NULL),(264,'C0163','Machin chala flat mena churi majhari',2,7,0.01,1,NULL,NULL),(265,'C0164','Machin chala flat mena churi majhari',2,7,0.01,1,NULL,NULL),(266,'C0165','Machin chala flat mena churi majhari',2,7,0.01,1,NULL,NULL),(267,'C0166','Machin chala flat churi chowrah',2,11,0.01,1,NULL,NULL),(268,'C0167','Machin chala flat churi chowrah',2,11,0.01,1,NULL,NULL),(269,'C0168','Machin chala flat churi chowrah',2,7,0.01,1,NULL,NULL),(270,'C0169','Machin chala flat churi chowrah',2,11,0.01,1,NULL,NULL),(271,'C0170','Machin chala flat churi chowrah',2,9,0.01,1,NULL,NULL),(272,'C0171','Machin chala flat churi chowrah',2,7,0.01,1,NULL,NULL),(273,'C0172','Machin chala flat churi chowrah',2,7,0.01,1,NULL,NULL),(274,'C0173','Machin chala flat churi chowrah',2,7,0.01,1,NULL,NULL),(275,'C0174','Machin chala flat churi chowrah',2,7,0.01,1,NULL,NULL),(276,'C0175','Machin chala flat churi chowrah',2,7,0.01,1,NULL,NULL),(277,'C0176','Machin chala flat churi chowrah',2,7,0.01,1,NULL,NULL),(278,'C0177','Machin chala flat churi chowrah',2,7,0.01,1,NULL,NULL),(279,'C0178','Machin chala flat churi chowrah',2,7,0.01,1,NULL,NULL),(280,'C0179','Machin chala flat churi chowrah',2,7,0.01,1,NULL,NULL),(281,'C0180','Machin chala flat churi chowrah',2,7,0.01,1,NULL,NULL),(282,'C0181','Machin chala flat mena churi chowrah',2,8,0.01,1,NULL,NULL),(283,'C0182','Machin chala flat mena churi chowrah',2,8,0.01,1,NULL,NULL),(284,'C0183','Machin chala flat mena churi chowrah',2,8,0.01,1,NULL,NULL),(285,'C0184','Machin chala flat mena churi chowrah',2,8,0.01,1,NULL,NULL),(286,'C0185','Machin chala flat mena churi chowrah',2,8,0.01,1,NULL,NULL),(287,'C0186','Machin chala flat mena churi chowrah',2,8,0.01,1,NULL,NULL),(288,'C0187','Machin chala flat mena churi chowrah',2,8,0.01,1,NULL,NULL),(289,'C0188','Machin chala flat mena churi chowrah',2,8,0.01,1,NULL,NULL),(290,'C0189','Machin chala flat mena churi chowrah',2,8,0.01,1,NULL,NULL),(291,'C0190','Machin chala flat mena churi chowrah',2,12,0.01,1,NULL,NULL),(292,'C0191','Machin chala flat mena churi chowrah',2,9,0.01,1,NULL,NULL),(293,'C0192','Machin chala flat mena churi chowrah',2,7,0.01,1,NULL,NULL),(294,'C0193','Machin chala flat mena churi chowrah',2,8,0.01,1,NULL,NULL),(295,'C0194','Machin chala flat mena churi chowrah',2,8,0.01,1,NULL,NULL),(296,'C0195','Machin chala flat mena churi chowrah',2,13,0.01,1,NULL,NULL),(297,'C0196','Machin chala flat mena churi chowrah',2,9,0.01,1,NULL,NULL),(298,'C0197','Machin chala flat mena churi chowrah',2,8,0.01,1,NULL,NULL),(299,'C0200','Machin chala flat mena churi chowrah',2,12,0.01,1,NULL,NULL),(300,'C0201','Thikai dd churi saru',2,7,0.01,1,NULL,NULL),(301,'C0202','Thikai dd churi saru',2,7,0.01,1,NULL,NULL),(302,'C0203','Thikai dd churi saru',2,6,0.01,1,NULL,NULL),(303,'C0204','Thikai dd churi saru',2,6,0.01,1,NULL,NULL),(304,'C0205','Thikai dd churi saru',2,8,0.01,1,NULL,NULL),(305,'C0206','Thikai dd churi saru',2,7,0.01,1,NULL,NULL),(306,'C0207','Thikai dd churi saru',2,6,0.01,1,NULL,NULL),(307,'C0208','Thikai dd churi saru',2,6,0.01,1,NULL,NULL),(308,'C0209','Thikai dd churi saru',2,6,0.01,1,NULL,NULL),(309,'C0210','Thikai dd churi saru',2,7,0.01,1,NULL,NULL),(310,'C0211','Thikai dd churi saru',2,7,0.01,1,NULL,NULL),(311,'C0212','Thikai dd churi saru',2,7,0.01,1,NULL,NULL),(312,'C0213','Thikai dd churi saru',2,8,0.01,1,NULL,NULL),(313,'C0214','Thikai dd churi saru',2,7,0.01,1,NULL,NULL),(314,'C0215','Thikai dd churi',2,8,0.01,1,NULL,NULL),(315,'C0216','Thokai dd churi',2,7,0.01,1,NULL,NULL),(316,'C0217','Thikai dd churi saru',2,7,0.01,1,NULL,NULL),(317,'C0218','Thikai dd churi',2,8,0.01,1,NULL,NULL),(318,'C0219','Thokai dd churi',2,8,0.01,1,NULL,NULL),(319,'C0220','thokai dd churi  soru',2,8,0.01,1,NULL,NULL),(320,'C0221','thokai dd mena churi soru ',2,7,0.01,1,NULL,NULL),(321,'C0222','PLAZA',2,8,0.01,1,NULL,NULL),(322,'C0223','thokai dd mena churi  soru',2,6,0.01,1,NULL,NULL),(323,'C0224','thokai dd mena churi  soru',2,6,0.01,1,NULL,NULL),(324,'C0225','thokai dd mena churi  soru',2,6,0.01,1,NULL,NULL),(325,'C0226','thokai dd mena churi  soru',2,6,0.01,1,NULL,NULL),(326,'C0227','thokai dd mena churi  soru',2,6,0.01,1,NULL,NULL),(327,'C0228','thokai dd mena churi soru',2,6,0.01,1,NULL,NULL),(328,'C0229','thokai dd mena churi  soru',2,6,0.01,1,NULL,NULL),(329,'C0230','thokai dd mena churi  soru',2,6,0.01,1,NULL,NULL),(330,'C0231','thokai dd mena churi  soru',2,6,0.01,1,NULL,NULL),(331,'C0232','thokai dd mena churi  soru',2,6,0.01,1,NULL,NULL),(332,'C0233','thokai dd mena churi  soru',2,6,0.01,1,NULL,NULL),(333,'C0234','thokai dd mena churi  soru',2,6,0.01,1,NULL,NULL),(334,'C0235','thokai dd mena churi  soru',2,8,0.01,1,NULL,NULL),(335,'C0236','thokai dd churi  maghari',2,8,0.01,1,NULL,NULL),(336,'C0237','thokai dd churi  maghari',2,8,0.01,1,NULL,NULL),(337,'C0238','thokai dd churi  maghari',2,6,0.01,1,NULL,NULL),(338,'C0239','thokai dd churi  maghari',2,6,0.01,1,NULL,NULL),(339,'C0240','thokai dd churi  maghari',2,6,0.01,1,NULL,NULL),(340,'C0241','Thokai dd churi  maghari',2,7,0.01,1,NULL,NULL),(341,'C0242','thokai dd churi  maghari',2,8,0.01,1,NULL,NULL),(342,'C0243','thokai dd churi  maghari',2,7,0.01,1,NULL,NULL),(343,'C0244','thokai dd churi  maghari',2,6,0.01,1,NULL,NULL),(344,'C0245','thokai dd churi  maghari',2,8,0.01,1,NULL,NULL),(345,'C0246','thokai dd churi  maghari',2,6,0.01,1,NULL,NULL),(346,'C0247','thokai dd churi  maghari',2,6,0.01,1,NULL,NULL),(347,'C0248','thokai dd churi  maghari',2,7,0.01,1,NULL,NULL),(348,'C0249','thokai dd churi  maghari',2,8,0.01,1,NULL,NULL),(349,'C0250','thokai dd churi  maghari',2,7,0.01,1,NULL,NULL),(350,'C0251','thokai dd churi  maghari',2,8,0.01,1,NULL,NULL),(351,'C0252','thokai dd churi  maghari',2,7,0.01,1,NULL,NULL),(352,'C0253','thokai dd churi  maghari',2,6,0.01,1,NULL,NULL),(353,'C0254','thokai dd churi  maghari',2,6,0.01,1,NULL,NULL),(354,'C0255','thokai dd churi  maghari',2,8,0.01,1,NULL,NULL),(355,'C0256','Thokai DD mina Churi Majhari',2,8,0.01,1,NULL,NULL),(356,'C0257','Thokai DD Churi  Majhari',2,8,0.01,1,NULL,NULL),(357,'C0258','Thokai DD Churi  Majhari',2,8,0.01,1,NULL,NULL),(358,'C0259','Thokai DD Mina Churi  Majhari',2,7,0.01,1,NULL,NULL),(359,'C0260','Thokai DD Churi  Majhari',2,9,0.01,1,NULL,NULL),(360,'C0262','Thokai dd mena churi majhari',2,7,0.01,1,NULL,NULL),(361,'C0267','Thokai dd mena churi majhari',2,7,0.01,1,NULL,NULL),(362,'C0268','Thokai dd mena churi majhari',2,7,0.01,1,NULL,NULL),(363,'C0269','Thokai dd mena churi majhari',2,8,0.01,1,NULL,NULL),(364,'C0270','Thokai dd mena churi majhari',2,9,0.01,1,NULL,NULL),(365,'C0271','thokai dd churi chowrah',2,9,0.01,1,NULL,NULL),(366,'C0272','thokai dd churi chowrah',2,7,0.01,1,NULL,NULL),(367,'C0273','thokai dd churi chowrah',2,7,0.01,1,NULL,NULL),(368,'C0274','thokai dd churi chowrah',2,7,0.01,1,NULL,NULL),(369,'C0275','thokai dd churi chowrah',2,7,0.01,1,NULL,NULL),(370,'C0276','thokai dd churi chowrah',2,7,0.01,1,NULL,NULL),(371,'C0277','thokai dd churi chowrah',2,8,0.01,1,NULL,NULL),(372,'C0278','thokai dd churi chowrah',2,8,0.01,1,NULL,NULL),(373,'C0279','thokai dd churi chowrah',2,7,0.01,1,NULL,NULL),(374,'C0280','thokai dd churi chowrah',2,7,0.01,1,NULL,NULL),(375,'C0287','THOKAI DD CHURI',2,8,0.01,1,NULL,NULL),(376,'C0288','THOKAI DD CHURI',2,9,0.01,1,NULL,NULL),(377,'C0289','THOKAI DD CHURI',2,8,0.01,1,NULL,NULL),(378,'C0290','THOKAI DD CHURI MAJHARI',2,8,0.01,1,NULL,NULL),(379,'C0291','thokai dd churi chowrah',2,6,0.01,1,NULL,NULL),(380,'C0292','THOKAI DD CHURI',2,8,0.01,1,NULL,NULL),(381,'C0293','Thokai DD Churi',2,8,0.01,1,NULL,NULL),(382,'C0296','THOKAI PLAZA',2,8,0.01,1,NULL,NULL),(383,'C0297','DD PLAZA',2,8,0.01,1,NULL,NULL),(384,'C0298','dd plaza',2,8,0.01,1,NULL,NULL),(385,'C0299','D.D CHURI',2,9,0.01,1,NULL,NULL),(386,'C0301','Thokai joy puri churi soru ',2,7,0.01,1,NULL,NULL),(387,'C0302','Thokai joy puri churi soru ',2,7,0.01,1,NULL,NULL),(388,'C0303','Thokai joy puri churi soru ',2,7,0.01,1,NULL,NULL),(389,'C0304','Thokai joy puri churi soru ',2,7,0.01,1,NULL,NULL),(390,'C0305','Thokai joy puri churi soru ',2,7,0.01,1,NULL,NULL),(391,'C0306','Thokai joy puri churi soru ',2,7,0.01,1,NULL,NULL),(392,'C0307','Thokai joy puri churi soru ',2,7,0.01,1,NULL,NULL),(393,'C0308','Thokai joy puri churi soru ',2,7,0.01,1,NULL,NULL),(394,'C0309','Thokai joy puri churi soru ',2,7,0.01,1,NULL,NULL),(395,'C0310','Thokai joy puri churi soru ',2,7,0.01,1,NULL,NULL),(396,'C0311','Thokai joy puri churi soru ',2,7,0.01,1,NULL,NULL),(397,'C0312','Thokai joy puri churi soru ',2,7,0.01,1,NULL,NULL),(398,'C0313','Thokai joy puri churi soru ',2,7,0.01,1,NULL,NULL),(399,'C0314','Thokai joy puri churi soru ',2,7,0.01,1,NULL,NULL),(400,'C0315','Thokai joy puri churi soru ',2,7,0.01,1,NULL,NULL),(401,'C0316','Thokai joy puri churi soru ',2,7,0.01,1,NULL,NULL),(402,'C0317','Thokai joy puri churi soru ',2,7,0.01,1,NULL,NULL),(403,'C0318','Thokai joy puri churi soru ',2,7,0.01,1,NULL,NULL),(404,'C0319','Thokai joypuri Plaza churi',2,8,0.01,1,NULL,NULL),(405,'C0320','Thokai joy puri churi soru ',2,8,0.01,1,NULL,NULL),(406,'C0321','Thokai joypuri mena churi soru',2,8,0.01,1,NULL,NULL),(407,'C0322','Thokai joypuri mena churi soru',2,8,0.01,1,NULL,NULL),(408,'C0323','Thokai joypuri mena churi soru',2,8,0.01,1,NULL,NULL),(409,'C0324','Thokai joypuri mena churi soru',2,8,0.01,1,NULL,NULL),(410,'C0325','Thokai joypuri mena churi soru',2,8,0.01,1,NULL,NULL),(411,'C0326','Thokai joypuri mena churi soru',2,8,0.01,1,NULL,NULL),(412,'C0327','Thokai joypuri mena churi soru',2,8,0.01,1,NULL,NULL),(413,'C0328','Thokai joypuri mena churi soru',2,8,0.01,1,NULL,NULL),(414,'C0329','Thokai joypuri mena churi soru',2,8,0.01,1,NULL,NULL),(415,'C0330','Thokai joypuri mena churi soru',2,8,0.01,1,NULL,NULL),(416,'C0331','Thokai joypuri mena churi soru',2,8,0.01,1,NULL,NULL),(417,'C0332','Thokai joypuri mena churi soru',2,8,0.01,1,NULL,NULL),(418,'C0333','Thokai joypuri mena churi soru',2,8,0.01,1,NULL,NULL),(419,'C0334','Thokai joypuri mena churi soru',2,8,0.01,1,NULL,NULL),(420,'C0335','Thokai joypuri mena churi soru',2,8,0.01,1,NULL,NULL),(421,'C0336','Thokai joypuri churi maghari',2,8,0.01,1,NULL,NULL),(422,'C0337','Thokai joypuri churi maghari',2,8,0.01,1,NULL,NULL),(423,'C0338','Thokai joypuri churi maghari',2,8,0.01,1,NULL,NULL),(424,'C0339','Thokai joypuri churi maghari',2,8,0.01,1,NULL,NULL),(425,'C0340','Thokai joypuri churi maghari',2,8,0.01,1,NULL,NULL),(426,'C0341','Thokai joypuri churi maghari',2,8,0.01,1,NULL,NULL),(427,'C0342','Thokai joypuri churi maghari',2,8,0.01,1,NULL,NULL),(428,'C0343','Thokai joypuri churi maghari',2,8,0.01,1,NULL,NULL),(429,'C0344','Thokai joypuri churi maghari',2,8,0.01,1,NULL,NULL),(430,'C0345','Thokai joypuri churi maghari',2,8,0.01,1,NULL,NULL),(431,'C0346','Thokai joypuri churi maghari',2,8,0.01,1,NULL,NULL),(432,'C0347','Thokai joypuri churi maghari',2,8,0.01,1,NULL,NULL),(433,'C0348','Thokai joypuri churi maghari',2,8,0.01,1,NULL,NULL),(434,'C0349','Thokai joypuri churi maghari',2,8,0.01,1,NULL,NULL),(435,'C0350','Thokai joypuri churi maghari',2,8,0.01,1,NULL,NULL),(436,'C0351','Thokai joypuri churi maghari',2,8,0.01,1,NULL,NULL),(437,'C0352','Thokai joypuri churi maghari',2,8,0.01,1,NULL,NULL),(438,'C0353','Thokai joypuri churi maghari',2,8,0.01,1,NULL,NULL),(439,'C0354','Thokai joypuri churi maghari',2,8,0.01,1,NULL,NULL),(440,'C0355','Thokai joypuri churi maghari',2,8,0.01,1,NULL,NULL),(441,'C0356','Thokai joypuri churi maghari',2,8,0.01,1,NULL,NULL),(442,'C0357','Thokai joypuri churi maghari',2,8,0.01,1,NULL,NULL),(443,'C0358','Thokai joypuri churi maghari',2,8,0.01,1,NULL,NULL),(444,'C0359','Thokai joypuri churi maghari',2,8,0.01,1,NULL,NULL),(445,'C0360','Thokai joypuri churi maghari',2,8,0.01,1,NULL,NULL),(446,'C0363','Thokai joypuri meena churi maghari',2,7,0.01,1,NULL,NULL),(447,'C0365','Thokai joypuri meena churi maghari',2,9,0.01,1,NULL,NULL),(448,'C0368','Thokai joypuri meena churi maghari',2,8,0.01,1,NULL,NULL),(449,'C0369','Thokai joypuri meena churi maghari',2,8,0.01,1,NULL,NULL),(450,'C0370','Thokai joypuri meena churi maghari',2,8,0.01,1,NULL,NULL),(451,'C0371','Thokai joypuri  churi chowrah',2,8,0.01,1,NULL,NULL),(452,'C0372','Thokai joypuri  churi chowrah',2,8,0.01,1,NULL,NULL),(453,'C0373','Thokai joypuri  churi chowrah',2,8,0.01,1,NULL,NULL),(454,'C0374','Thokai joypuri  churi chowrah',2,8,0.01,1,NULL,NULL),(455,'C0375','Thokai joypuri  churi chowrah',2,8,0.01,1,NULL,NULL),(456,'C0376','Thokai joypuri  churi chowrah',2,7,0.01,1,NULL,NULL),(457,'C0377','Thokai joypuri  churi chowrah',2,8,0.01,1,NULL,NULL),(458,'C0378','Thokai joypuri  churi chowrah',2,8,0.01,1,NULL,NULL),(459,'C0379','Thokai joypuri  churi chowrah',2,9,0.01,1,NULL,NULL),(460,'C0380','Thokai joypuri  churi chowrah',2,9,0.01,1,NULL,NULL),(461,'C0381','Thokai joypuri  churi chowrah',2,8,0.01,1,NULL,NULL),(462,'C0382','Thokai joypuri  churi chowrah',2,8,0.01,1,NULL,NULL),(463,'C0383','Thokai joypuri  churi chowrah',2,9,0.01,1,NULL,NULL),(464,'C0384','Thokai joypuri  churi chowrah',2,8,0.01,1,NULL,NULL),(465,'C0385','Thokai joypuri  churi chowrah',2,9,0.01,1,NULL,NULL),(466,'C0387','PLAZA',2,7,0.01,1,NULL,NULL),(467,'C0388','Thokai joypuri meena churi chowrah',2,10,0.01,1,NULL,NULL),(468,'C0389','Thokai joypuri meena churi chowrah',2,8,0.01,1,NULL,NULL),(469,'C0390','Thokai joypuri meena churi chowrah',2,8,0.01,1,NULL,NULL),(470,'C0391','Thokai joypuri meena churi chowrah',2,8,0.01,1,NULL,NULL),(471,'C0392','Thokai joypuri meena churi chowrah',2,8,0.01,1,NULL,NULL),(472,'C0393','Thokai joypuri meena churi chowrah',2,8,0.01,1,NULL,NULL),(473,'C0394','Thokai joypuri meena churi chowrah',2,8,0.01,1,NULL,NULL),(474,'C0395','Thokai joypuri meena churi chowrah',2,8,0.01,1,NULL,NULL),(475,'C0396','Thokai dd mena churi chowrah',2,8,0.01,1,NULL,NULL),(476,'C0397','Thokai Plaja churi',2,9,0.01,1,NULL,NULL),(477,'C0398','Thokai Plaja churi',2,8,0.01,1,NULL,NULL),(478,'C0399','Thokai Plaja churi',2,8,0.01,1,NULL,NULL),(479,'C0400','Thokai churi',2,8,0.01,1,NULL,NULL),(480,'C0401','flat panching churi saru',2,13,0.01,1,NULL,NULL),(481,'C0402','flat panching churi saru',2,13,0.01,1,NULL,NULL),(482,'C0403','flat panching churi saru',2,13,0.01,1,NULL,NULL),(483,'C0404','flat panching churi saru',2,9,0.01,1,NULL,NULL),(484,'C0405','flat panching churi saru',2,13,0.01,1,NULL,NULL),(485,'C0406','flat panching churi saru',2,13,0.01,1,NULL,NULL),(486,'C0407','flat panching churi saru',2,13,0.01,1,NULL,NULL),(487,'C0408','flat panching churi saru',2,13,0.01,1,NULL,NULL),(488,'C0409','flat panching churi saru',2,9,0.01,1,NULL,NULL),(489,'C0410','flat panching churi saru',2,13,0.01,1,NULL,NULL),(490,'C0411','flat panching churi saru',2,13,0.01,1,NULL,NULL),(491,'C0412','flat panching churi saru',2,13,0.01,1,NULL,NULL),(492,'C0413','flat panching churi saru',2,13,0.01,1,NULL,NULL),(493,'C0414','flat panching churi saru',2,13,0.01,1,NULL,NULL),(494,'C0415','flat panching churi saru',2,13,0.01,1,NULL,NULL),(495,'C0416','flat panching churi saru',2,15,0.01,1,NULL,NULL),(496,'C0417','flat panching churi saru',2,14,0.01,1,NULL,NULL),(497,'C0418','flat panching churi saru',2,13,0.01,1,NULL,NULL),(498,'C0419','Churi',2,13,0.01,1,NULL,NULL),(499,'C0420','flat panching churi saru',2,13,0.01,1,NULL,NULL),(500,'C0428','flat panching mena churi soru',2,14,0.01,1,NULL,NULL),(501,'C0430','flat panching mena churi soru',2,14,0.01,1,NULL,NULL),(502,'C0431','flat panching mena churi soru',2,15,0.01,1,NULL,NULL),(503,'C0432','flat panching mena churi soru',2,14,0.01,1,NULL,NULL),(504,'C0433','flat panching mena churi soru',2,14,0.01,1,NULL,NULL),(505,'C0434','flat panching mena churi soru',2,14,0.01,1,NULL,NULL),(506,'C0435','flat panching mena churi soru',2,14,0.01,1,NULL,NULL),(507,'C0436','flat panching churi maghri ',2,14,0.01,1,NULL,NULL),(508,'C0437','flat panching churi maghri ',2,14,0.01,1,NULL,NULL),(509,'C0438','flat panching churi maghri ',2,14,0.01,1,NULL,NULL),(510,'C0439','flat panching churi maghri ',2,14,0.01,1,NULL,NULL),(511,'C0440','flat panching churi maghri ',2,14,0.01,1,NULL,NULL),(512,'C0441','flat panching churi maghri ',2,14,0.01,1,NULL,NULL),(513,'C0442','flat panching churi maghri ',2,14,0.01,1,NULL,NULL),(514,'C0443','flat panching churi maghri ',2,14,0.01,1,NULL,NULL),(515,'C0444','flat panching churi maghri ',2,14,0.01,1,NULL,NULL),(516,'C0445','flat panching churi maghri ',2,14,0.01,1,NULL,NULL),(517,'C0446','flat panching churi maghri ',2,14,0.01,1,NULL,NULL),(518,'C0447','flat panching churi maghri ',2,14,0.01,1,NULL,NULL),(519,'C0448','flat panching churi maghri ',2,14,0.01,1,NULL,NULL),(520,'C0449','flat panching churi maghri ',2,14,0.01,1,NULL,NULL),(521,'C0450','flat panching churi maghri ',2,14,0.01,1,NULL,NULL),(522,'C0451','churi',2,14,0.01,1,NULL,NULL),(523,'C0452','flat panching churi maghri ',2,14,0.01,1,NULL,NULL),(524,'C0453','flat panching churi maghri ',2,14,0.01,1,NULL,NULL),(525,'C0454','flat panching churi maghri ',2,14,0.01,1,NULL,NULL),(526,'C0455','churi',2,14,0.01,1,NULL,NULL),(527,'C0457','flat panching churi maghri ',2,14,0.01,1,NULL,NULL),(528,'C0458','flat panching churi maghri ',2,14,0.01,1,NULL,NULL),(529,'C0459','flat panching churi maghri ',2,14,0.01,1,NULL,NULL),(530,'C0460','flat panching churi maghri ',2,14,0.01,1,NULL,NULL),(531,'C0461','flat panching mena churi soru',2,14,0.01,1,NULL,NULL),(532,'C0463','flat panching mena churi maghri ',2,15,0.01,1,NULL,NULL),(533,'C0465','flat panching mena churi maghri ',2,15,0.01,1,NULL,NULL),(534,'C0466','flat panching mena churi maghri ',2,15,0.01,1,NULL,NULL),(535,'C0468','flat panching mena churi maghri ',2,15,0.01,1,NULL,NULL),(536,'C0469','flat panching mena churi maghri ',2,15,0.01,1,NULL,NULL),(537,'C0470','flat panching mena churi maghri ',2,15,0.01,1,NULL,NULL),(538,'C0471','flat panching churi chowrah',2,16,0.01,1,NULL,NULL),(539,'C0472','flat panching churi chowrah',2,16,0.01,1,NULL,NULL),(540,'C0473','flat panching churi chowrah',2,16,0.01,1,NULL,NULL),(541,'C0474','flat panching churi chowrah',2,16,0.01,1,NULL,NULL),(542,'C0475','flat panching churi chowrah',2,16,0.01,1,NULL,NULL),(543,'C0476','flat panching churi chowrah',2,16,0.01,1,NULL,NULL),(544,'C0477','flat panching churi chowrah',2,14,0.01,1,NULL,NULL),(545,'C0478','flat panching churi chowrah',2,14,0.01,1,NULL,NULL),(546,'C0479','flat panching churi chowrah',2,16,0.01,1,NULL,NULL),(547,'C0480','flat panching churi chowrah',2,16,0.01,1,NULL,NULL),(548,'C0481','flat panching churi chowrah',2,16,0.01,1,NULL,NULL),(549,'C0482','flat panching churi chowrah',2,16,0.01,1,NULL,NULL),(550,'C0483','flat panching churi chowrah',2,16,0.01,1,NULL,NULL),(551,'C0484','flat panching churi chowrah',2,16,0.01,1,NULL,NULL),(552,'C0485','flat panching churi chowrah',2,16,0.01,1,NULL,NULL),(553,'C0486','flat panching mena churi chowrah',2,17,0.01,1,NULL,NULL),(554,'C0489','flat panching mena churi chowrah',2,17,0.01,1,NULL,NULL),(555,'C0490','flat panching mena churi chowrah',2,17,0.01,1,NULL,NULL),(556,'C0491','flat panching mena churi chowrah',2,17,0.01,1,NULL,NULL),(557,'C0492','flat panching mena churi chowrah',2,17,0.01,1,NULL,NULL),(558,'C0493','flat panching mena churi chowrah',2,17,0.01,1,NULL,NULL),(559,'C0494','flat panching mena churi chowrah',2,17,0.01,1,NULL,NULL),(560,'C0495','flat panching mena churi chowrah',2,17,0.01,1,NULL,NULL),(561,'C0501','Half round panching churi soru',2,13,0.01,1,NULL,NULL),(562,'C0502','Half round panching churi soru',2,13,0.01,1,NULL,NULL),(563,'C0503','Half round panching churi soru',2,13,0.01,1,NULL,NULL),(564,'C0504','Half round panching churi soru',2,13,0.01,1,NULL,NULL),(565,'C0505','Half round panching churi soru',2,13,0.01,1,NULL,NULL),(566,'C0506','Half round panching churi soru',2,13,0.01,1,NULL,NULL),(567,'C0507','Half round panching churi soru',2,13,0.01,1,NULL,NULL),(568,'C0508','Half round panching churi soru',2,13,0.01,1,NULL,NULL),(569,'C0509','Half round panching churi soru',2,13,0.01,1,NULL,NULL),(570,'C0510','Half round panching churi soru',2,13,0.01,1,NULL,NULL),(571,'C0511','Half round panching churi soru',2,13,0.01,1,NULL,NULL),(572,'C0512','Half round panching churi soru',2,13,0.01,1,NULL,NULL),(573,'C0513','Half round panching churi soru',2,13,0.01,1,NULL,NULL),(574,'C0514','Half round panching churi soru',2,13,0.01,1,NULL,NULL),(575,'C0515','Half round panching churi soru',2,13,0.01,1,NULL,NULL),(576,'C0516','Half round panching mena churi soru',2,14,0.01,1,NULL,NULL),(577,'C0517','Half round panching mena churi soru',2,14,0.01,1,NULL,NULL),(578,'C0518','Half round panching mena churi soru',2,14,0.01,1,NULL,NULL),(579,'C0519','Half round panching mena churi soru',2,14,0.01,1,NULL,NULL),(580,'C0520','Half round panching mena churi soru',2,14,0.01,1,NULL,NULL),(581,'C0521','Half round panching churi maghri',2,14,0.01,1,NULL,NULL),(582,'C0522','Half round panching churi maghari',2,14,0.01,1,NULL,NULL),(583,'C0523','Half round panching churi maghari',2,14,0.01,1,NULL,NULL),(584,'C0524','Half round panching churi maghari',2,14,0.01,1,NULL,NULL),(585,'C0525','Half round panching churi maghari',2,14,0.01,1,NULL,NULL),(586,'C0526','Half round panching churi maghari',2,14,0.01,1,NULL,NULL),(587,'C0527','Half round panching churi maghari',2,14,0.01,1,NULL,NULL),(588,'C0528','Half round panching churi maghari',2,14,0.01,1,NULL,NULL),(589,'C0529','Half round panching churi maghari',2,14,0.01,1,NULL,NULL),(590,'C0530','Half round panching churi maghari',2,14,0.01,1,NULL,NULL),(591,'C0531','Half round panching churi maghari',2,14,0.01,1,NULL,NULL),(592,'C0532','Half round panching churi maghari',2,14,0.01,1,NULL,NULL),(593,'C0533','Half round panching churi maghari',2,14,0.01,1,NULL,NULL),(594,'C0534','Half round panching churi maghari',2,14,0.01,1,NULL,NULL),(595,'C0535','Half round panching churi maghari',2,14,0.01,1,NULL,NULL),(596,'C0536','Half round panching churi maghari',2,14,0.01,1,NULL,NULL),(597,'C0537','Half round panching churi maghari',2,14,0.01,1,NULL,NULL),(598,'C0538','Half round panching churi maghari',2,14,0.01,1,NULL,NULL),(599,'C0539','Half round panching churi maghari',2,14,0.01,1,NULL,NULL),(600,'C0540','Half round panching churi maghari',2,15,0.01,1,NULL,NULL),(601,'C0541','Half round panching mena churi maghari',2,15,0.01,1,NULL,NULL),(602,'C0542','Half round panching mena churi maghari',2,15,0.01,1,NULL,NULL),(603,'C0544','Half round panching mena churi maghari',2,15,0.01,1,NULL,NULL),(604,'C0545','flat panching churi maghri ',2,14,0.01,1,NULL,NULL),(605,'C0546','Half round panching mena churi maghari',2,15,0.01,1,NULL,NULL),(606,'C0547','Half round panching mena churi maghari',2,15,0.01,1,NULL,NULL),(607,'C0548','Half round panching mena churi maghari',2,15,0.01,1,NULL,NULL),(608,'C0549','Half round panching mena churi maghari',2,15,0.01,1,NULL,NULL),(609,'C0550','Half round panching mena churi maghari',2,15,0.01,1,NULL,NULL),(610,'C0551','tashir panching churi soru',2,13,0.01,1,NULL,NULL),(611,'C0552','tashir panching churi soru',2,13,0.01,1,NULL,NULL),(612,'C0553','tashir panching churi soru',2,13,0.01,1,NULL,NULL),(613,'C0554','tashir panching churi soru',2,13,0.01,1,NULL,NULL),(614,'C0555','tashir panching churi soru',2,13,0.01,1,NULL,NULL),(615,'C0556','tashir panching churi soru',2,13,0.01,1,NULL,NULL),(616,'C0557','tashir panching churi soru',2,13,0.01,1,NULL,NULL),(617,'C0558','tashir panching churi soru',2,13,0.01,1,NULL,NULL),(618,'C0559','tashir panching churi soru',2,13,0.01,1,NULL,NULL),(619,'C0560','tashir panching churi soru',2,13,0.01,1,NULL,NULL),(620,'C0561','tashir panching churi soru',2,13,0.01,1,NULL,NULL),(621,'C0562','tashir panching churi soru',2,13,0.01,1,NULL,NULL),(622,'C0563','tashir panching churi soru',2,13,0.01,1,NULL,NULL),(623,'C0564','tashir panching churi soru',2,13,0.01,1,NULL,NULL),(624,'C0565','tashir panching churi soru',2,13,0.01,1,NULL,NULL),(625,'C0566','tashir panching churi soru',2,13,0.01,1,NULL,NULL),(626,'C0567','tashir panching churi soru',2,13,0.01,1,NULL,NULL),(627,'C0568','tashir panching churi soru',2,13,0.01,1,NULL,NULL),(628,'C0569','tashir panching churi soru',2,13,0.01,1,NULL,NULL),(629,'C0570','tashir panching churi soru',2,14,0.01,1,NULL,NULL),(630,'C0572','tashir panchin gmena churi soru',2,14,0.01,1,NULL,NULL),(631,'C0573','tashir panchin gmena churi soru',2,14,0.01,1,NULL,NULL),(632,'C0574','tashir panchin gmena churi soru',2,14,0.01,1,NULL,NULL),(633,'C0575','tashir panchin gmena churi soru',2,14,0.01,1,NULL,NULL),(634,'C0576','tashir panching churi maghari',2,14,0.01,1,NULL,NULL),(635,'C0577','tashir panching churi maghari',2,14,0.01,1,NULL,NULL),(636,'C0578','tashir panching churi maghari',2,14,0.01,1,NULL,NULL),(637,'C0579','tashir panching churi maghari',2,14,0.01,1,NULL,NULL),(638,'C0580','tashir panching churi maghari',2,14,0.01,1,NULL,NULL),(639,'C0581','tashir panching churi maghari',2,14,0.01,1,NULL,NULL),(640,'C0582','tashir panching churi maghari',2,14,0.01,1,NULL,NULL),(641,'C0583','tashir panching churi maghari',2,14,0.01,1,NULL,NULL),(642,'C0584','tashir panching churi maghari',2,14,0.01,1,NULL,NULL),(643,'C0585','tashir panching churi maghari',2,14,0.01,1,NULL,NULL),(644,'C0586','tashir panching mena churi maghari',2,15,0.01,1,NULL,NULL),(645,'C0587','tashir panching mena churi maghari',2,15,0.01,1,NULL,NULL),(646,'C0588','tashir panching mena churi maghari',2,15,0.01,1,NULL,NULL),(647,'C0589','tashir panching mena churi maghari',2,15,0.01,1,NULL,NULL),(648,'C0590','tashir panching mena churi maghari',2,15,0.01,1,NULL,NULL),(649,'C0601','Machin chala khal mini bowti soru',2,9,0.01,1,NULL,NULL),(650,'C0602','Machin chala khal mini bowti soru',2,9,0.01,1,NULL,NULL),(651,'C0603','Machin chala khal mini bowti soru',2,9,0.01,1,NULL,NULL),(652,'C0604','Machin chala khal mini bowti soru',2,9,0.01,1,NULL,NULL),(653,'C0605','Machin chala khal mini bowti soru',2,9,0.01,1,NULL,NULL),(654,'C0606','Machin chala khal mena decaration mini bowti soru',2,10,0.01,1,NULL,NULL),(655,'C0607','Machin chala khal mena decaration mini bowti soru',2,10,0.01,1,NULL,NULL),(656,'C0608','Machin chala khal mena decaration mini bowti soru',2,10,0.01,1,NULL,NULL),(657,'C0609','Machin chala khal mena decaration mini bowti soru',2,10,0.01,1,NULL,NULL),(658,'C0610','Machin chala khal mena decaration mini bowti soru',2,10,0.01,1,NULL,NULL),(659,'C0611','Machin chala khal mini  bowti maghari',2,10,0.01,1,NULL,NULL),(660,'C0612','Machin chala khal mini  bowti maghari',2,10,0.01,1,NULL,NULL),(661,'C0613','Machin chala khal mini  bowti maghari',2,10,0.01,1,NULL,NULL),(662,'C0614','Machin chala khal mini  bowti maghari',2,10,0.01,1,NULL,NULL),(663,'C0615','Machin chala khal mini  bowti maghari',2,10,0.01,1,NULL,NULL),(664,'C0616','Machin chala khal mena decaration mini bowti maghari',2,11,0.01,1,NULL,NULL),(665,'C0617','Machin chala khal mena decaration mini bowti maghari',2,11,0.01,1,NULL,NULL),(666,'C0618','Machin chala khal mena decaration mini bowti maghari',2,11,0.01,1,NULL,NULL),(667,'C0619','Machin chala khal mena decaration mini bowti maghari',2,11,0.01,1,NULL,NULL),(668,'C0620','Machin chala khal mena decaration mini bowti maghari',2,11,0.01,1,NULL,NULL),(669,'C0621','Machin chala khal mini bowti chowah',2,11,0.01,1,NULL,NULL),(670,'C0622','Machin chala khal mini bowti chowah',2,11,0.01,1,NULL,NULL),(671,'C0623','Machin chala khal mini bowti chowah',2,11,0.01,1,NULL,NULL),(672,'C0624','Machin chala khal mini bowti chowah',2,11,0.01,1,NULL,NULL),(673,'C0625','Machin chala khal mini bowti chowah',2,11,0.01,1,NULL,NULL),(674,'C0626','Machin chala khal mena decaration mini bowti chowah',2,12,0.01,1,NULL,NULL),(675,'C0627','Machin chala khal mena decaration mini bowti chowah',2,12,0.01,1,NULL,NULL),(676,'C0628','Machin chala khal  decaration mini bowti chowah',2,11,0.01,1,NULL,NULL),(677,'C0629','Machin chala khal mena decaration mini bowti chowah',2,12,0.01,1,NULL,NULL),(678,'C0630','Machin chala khal mena decaration mini bowti chowah',2,12,0.01,1,NULL,NULL),(679,'C0631','Machin chala khal panching mini bowti soru',2,12,0.01,1,NULL,NULL),(680,'C0632','Machin chala khal panching mini bowti soru',2,12,0.01,1,NULL,NULL),(681,'C0633','Machin chala khal panching mini bowti soru',2,12,0.01,1,NULL,NULL),(682,'C0634','Machin chala khal panching mini bowti soru',2,12,0.01,1,NULL,NULL),(683,'C0635','Machin chala khal panching mini bowti soru',2,12,0.01,1,NULL,NULL),(684,'C0636','Machin chala khal panching mena decaration mini bowti soru',2,12,0.01,1,NULL,NULL),(685,'C0637','Machin chala khal panching mena decaration mini bowti soru',2,12,0.01,1,NULL,NULL),(686,'C0638','Machin chala khal panching mena decaration mini bowti soru',2,12,0.01,1,NULL,NULL),(687,'C0639','Machin chala khal panching mena decaration mini bowti soru',2,12,0.01,1,NULL,NULL),(688,'C0640','Machin chala khal panching mena decaration mini bowti soru',2,12,0.01,1,NULL,NULL),(689,'C0641','Machin chala khal panching  mini bowti maghari',2,12,0.01,1,NULL,NULL),(690,'C0642','Machin chala khal panching  mini bowti maghari',2,12,0.01,1,NULL,NULL),(691,'C0643','Machin chala khal panching  mini bowti maghari',2,12,0.01,1,NULL,NULL),(692,'C0644','Machin chala khal panching  mini bowti maghari',2,12,0.01,1,NULL,NULL),(693,'C0645','Machin chala khal panching  mini bowti maghari',2,12,0.01,1,NULL,NULL),(694,'C0647','Machin chala khal panching mena decaration mini bowti maghari',2,13,0.01,1,NULL,NULL),(695,'C0648','Machin chala khal panching mena decaration mini bowti maghari',2,13,0.01,1,NULL,NULL),(696,'C0649','Machin chala khal panching mena decaration mini bowti maghari',2,13,0.01,1,NULL,NULL),(697,'C0650','Machin chala khal panching mena decaration mini bowti maghari',2,13,0.01,1,NULL,NULL),(698,'C0651','Machin chala khal panching mini bowti chowrah',2,13,0.01,1,NULL,NULL),(699,'C0652','Machin chala khal panching mini bowti chowrah',2,13,0.01,1,NULL,NULL),(700,'C0653','Machin chala khal panching mini bowti chowrah',2,13,0.01,1,NULL,NULL),(701,'C0654','Machin chala khal panching mini bowti chowrah',2,13,0.01,1,NULL,NULL),(702,'C0655','Machin chala khal panching mini bowti chowrah',2,13,0.01,1,NULL,NULL),(703,'C0657','Machin chala khal panching mena decaration mini bowti chowrah',2,14,0.01,1,NULL,NULL),(704,'C0658','Machin chala khal panching mena decaration mini bowti chowrah',2,14,0.01,1,NULL,NULL),(705,'C0659','Machin chala khal panching mena decaration mini bowti chowrah',2,14,0.01,1,NULL,NULL),(706,'C0660','Machin chala khal panching mena decaration mini bowti chowrah',2,14,0.01,1,NULL,NULL),(707,'C0661','Machin chala khal panching mena decaration mini bowti chowrah',2,10,0.01,1,NULL,NULL),(708,'C0662','Machin chala khal panching mena decaration mini bowti chowrah',2,9,0.01,1,NULL,NULL),(709,'C0663','Machin chala khal panching mena decaration mini bowti chowrah',2,10,0.01,1,NULL,NULL),(710,'C0665','Machin chala khal panching mena decaration mini bowti chowrah',2,10,0.01,1,NULL,NULL),(711,'C0666','Thokai dd mini bowti ',2,12,0.01,1,NULL,NULL),(712,'C0667','Thokai dd mini bowti ',2,12,0.01,1,NULL,NULL),(713,'C0668','Thokai dd mini bowti ',2,12,0.01,1,NULL,NULL),(714,'C0669','Thokai dd mini bowti ',2,12,0.01,1,NULL,NULL),(715,'C0670','Thokai dd mini bowti ',2,12,0.01,1,NULL,NULL),(716,'C0671','Thokai Bowti',2,12,0.01,1,NULL,NULL),(717,'C0672','Thokai dd mini meena bowti ',2,13,0.01,1,NULL,NULL),(718,'C0673','Thokai dd mini meena bowti ',2,13,0.01,1,NULL,NULL),(719,'C0674','Thokai dd mini meena bowti ',2,13,0.01,1,NULL,NULL),(720,'C0675','Thokai dd mini meena bowti ',2,13,0.01,1,NULL,NULL),(721,'C0676','Thokai bangla mini bowti',2,11,0.01,1,NULL,NULL),(722,'C0677','Thokai bangla mini bowti',2,11,0.01,1,NULL,NULL),(723,'C0678','Thokai bangla mini bowti',2,11,0.01,1,NULL,NULL),(724,'C0679','Thokai bangla mini bowti',2,11,0.01,1,NULL,NULL),(725,'C0680','Thokai bangla mini bowti',2,11,0.01,1,NULL,NULL),(726,'C0681','Thokai bangla mini meeena  bowti',2,12,0.01,1,NULL,NULL),(727,'C0682','Thokai bangla mini meeena  bowti',2,12,0.01,1,NULL,NULL),(728,'C0683','Thokai bangla mini meeena  bowti',2,12,0.01,1,NULL,NULL),(729,'C0684','Thokai bangla mini meeena  bowti',2,12,0.01,1,NULL,NULL),(730,'C0685','Thokai bangla mini meeena  bowti',2,12,0.01,1,NULL,NULL),(731,'C0686','Thokai joypuri mini bowti',2,12,0.01,1,NULL,NULL),(732,'C0687','Thokai joypuri mini bowti',2,11,0.01,1,NULL,NULL),(733,'C0688','Thokai joypuri mini bowti',2,11,0.01,1,NULL,NULL),(734,'C0689','Thokai joypuri mini bowti',2,11,0.01,1,NULL,NULL),(735,'C0690','Thokai joypuri mini bowti',2,11,0.01,1,NULL,NULL),(736,'C0691','Thokai joypuri mena decaration mini bowti',2,12,0.01,1,NULL,NULL),(737,'C0692','Thokai joypuri mena decaration mini bowti',2,12,0.01,1,NULL,NULL),(738,'C0693','Thokai joypuri mena decaration mini bowti',2,12,0.01,1,NULL,NULL),(739,'C0694','Thokai joypuri mena decaration mini bowti',2,12,0.01,1,NULL,NULL),(740,'C0695','Thokai joypuri mena decaration mini bowti',2,12,0.01,1,NULL,NULL),(741,'C0741','Thokai joypuri mena patla soru',2,14,0.01,1,NULL,NULL),(742,'C0742','Thokai joypuri mena patla soru',2,13,0.01,1,NULL,NULL),(743,'C0743','Thokai joypuri patla soru',2,12,0.01,1,NULL,NULL),(744,'C0744','Thokai joypuri patla soru',2,12,0.01,1,NULL,NULL),(745,'C0745','Thokai joypuri mena patla soru',2,13,0.01,1,NULL,NULL),(746,'C0751','Thokai joypuri mena patla maghari',2,14,0.01,1,NULL,NULL),(747,'C0753','Thokai joypuri mena patla maghari',2,14,0.01,1,NULL,NULL),(748,'C0755','Thokai joypuri mena patla maghari',2,14,0.01,1,NULL,NULL),(749,'C0760','Thokai joypuri patla chowrah',2,14,0.01,1,NULL,NULL),(750,'C0765','Thokai joypuri mena patla chowrah',2,15,0.01,1,NULL,NULL),(751,'C0805','churi',2,13,0.01,1,NULL,NULL),(752,'C0806','flat panching patla soru',2,13,0.01,1,NULL,NULL),(753,'C0807','flat panching patla soru',2,13,0.01,1,NULL,NULL),(754,'C0808','flat panching patla soru',2,13,0.01,1,NULL,NULL),(755,'C0809','flat panching patla soru',2,13,0.01,1,NULL,NULL),(756,'C0810','flat panching patla soru',2,13,0.01,1,NULL,NULL),(757,'C0811','flat panching decaration mena patla soru',2,15,0.01,1,NULL,NULL),(758,'C0812','flat panching decaration mena patla soru',2,15,0.01,1,NULL,NULL),(759,'C0813','flat panching decaration mena patla soru',2,15,0.01,1,NULL,NULL),(760,'C0814','flat panching decaration mena patla soru',2,15,0.01,1,NULL,NULL),(761,'C0815','flat panching decaration mena patla soru',2,15,0.01,1,NULL,NULL),(762,'C0816','flat panching  patla maghari',2,14,0.01,1,NULL,NULL),(763,'C0817','flat panching  patla maghari',2,14,0.01,1,NULL,NULL),(764,'C0818','flat panching  patla maghari',2,14,0.01,1,NULL,NULL),(765,'C0819','flat panching  patla maghari',2,14,0.01,1,NULL,NULL),(766,'C0820','flat panching  patla maghari',2,14,0.01,1,NULL,NULL),(767,'C0821','flat panching  patla maghari',2,14,0.01,1,NULL,NULL),(768,'C0822','flat panching  patla maghari',2,14,0.01,1,NULL,NULL),(769,'C0823','flat panching  patla maghari',2,14,0.01,1,NULL,NULL),(770,'C0824','flat panching  patla maghari',2,14,0.01,1,NULL,NULL),(771,'C0825','flat panching  patla maghari',2,14,0.01,1,NULL,NULL),(772,'C0826','flat panching decaration mena patla maghari',2,16,0.01,1,NULL,NULL),(773,'C0827','flat panching decaration mena patla maghari',2,16,0.01,1,NULL,NULL),(774,'C0828','flat panching decaration mena patla maghari',2,16,0.01,1,NULL,NULL),(775,'C0829','flat panching decaration mena patla maghari',2,16,0.01,1,NULL,NULL),(776,'C0830','flat panching decaration mena patla maghari',2,16,0.01,1,NULL,NULL),(777,'C0831','flat panching decaration mena patla maghari',2,16,0.01,1,NULL,NULL),(778,'C0832','flat panching decaration mena patla maghari',2,16,0.01,1,NULL,NULL),(779,'C0833','flat panching decaration mena patla maghari',2,16,0.01,1,NULL,NULL),(780,'C0834','flat panching decaration mena patla maghari',2,16,0.01,1,NULL,NULL),(781,'C0835','flat panching decaration mena patla maghari',2,16,0.01,1,NULL,NULL),(782,'C0836','flat panching patla chowrah',2,15,0.01,1,NULL,NULL),(783,'C0837','flat panching patla chowrah',2,15,0.01,1,NULL,NULL),(784,'C0838','flat panching patla chowrah',2,15,0.01,1,NULL,NULL),(785,'C0839','flat panching patla chowrah',2,15,0.01,1,NULL,NULL),(786,'C0840','flat panching patla chowrah',2,15,0.01,1,NULL,NULL),(787,'C0841','flat panching patla chowrah',2,15,0.01,1,NULL,NULL),(788,'C0842','flat panching patla chowrah',2,15,0.01,1,NULL,NULL),(789,'C0843','flat panching patla chowrah',2,15,0.01,1,NULL,NULL),(790,'C0844','flat panching patla chowrah',2,15,0.01,1,NULL,NULL),(791,'C0845','flat panching patla chowrah',2,15,0.01,1,NULL,NULL),(792,'C0846','flat panching decaration mena  patla chowrah',2,17,0.01,1,NULL,NULL),(793,'C0847','flat panching decaration mena  patla chowrah',2,17,0.01,1,NULL,NULL),(794,'C0848','flat panching decaration mena  patla chowrah',2,17,0.01,1,NULL,NULL),(795,'C0849','flat panching decaration mena  patla chowrah',2,17,0.01,1,NULL,NULL),(796,'C0850','flat panching decaration mena  patla chowrah',2,17,0.01,1,NULL,NULL),(797,'C0861','Thokai bangal churi chowrah',2,8,0.01,1,NULL,NULL),(798,'C0862','Thokai bangal churi chowrah',2,8,0.01,1,NULL,NULL),(799,'C0863','Thokai bangal churi chowrah',2,8,0.01,1,NULL,NULL),(800,'C0864','Thokai bangal churi chowrah',2,8,0.01,1,NULL,NULL),(801,'C0865','Thokai bangal churi chowrah',2,8,0.01,1,NULL,NULL),(802,'C0866','Thokai bangal churi chowrah',2,8,0.01,1,NULL,NULL),(803,'C0867','Thokai bangal churi chowrah',2,8,0.01,1,NULL,NULL),(804,'C0868','Thokai bangal churi chowrah',2,8,0.01,1,NULL,NULL),(805,'C0869','Thokai bangal churi chowrah',2,8,0.01,1,NULL,NULL),(806,'C0870','Thokai bangal churi chowrah',2,9,0.01,1,NULL,NULL),(807,'C0871','Thokai bangal churi chowrah',2,8,0.01,1,NULL,NULL),(808,'C0872','Thokai bangal churi chowrah',2,8,0.01,1,NULL,NULL),(809,'C0873','Thokai bangal churi chowrah',2,8,0.01,1,NULL,NULL),(810,'C0874','Thokai bangal churi chowrah',2,8,0.01,1,NULL,NULL),(811,'C0875','Thokai bangal churi chowrah',2,8,0.01,1,NULL,NULL),(812,'C0876','Thokai bangal churi chowrah',2,8,0.01,1,NULL,NULL),(813,'C0877','Thokai bangal churi chowrah',2,8,0.01,1,NULL,NULL),(814,'C0878','Thokai bangal churi chowrah',2,8,0.01,1,NULL,NULL),(815,'C0879','Thokai bangal churi chowrah',2,8,0.01,1,NULL,NULL),(816,'C0880','Thokai bangal churi chowrah',2,8,0.01,1,NULL,NULL),(817,'C0881','Thokai bangal mena churi chowrah',2,9,0.01,1,NULL,NULL),(818,'C0883','Thokai bangal mena churi chowrah',2,9,0.01,1,NULL,NULL),(819,'C0884','Thokai bangal mena churi chowrah',2,9,0.01,1,NULL,NULL),(820,'C0885','Thokai bangal mena churi chowrah',2,9,0.01,1,NULL,NULL),(821,'C0886','Thokai bangal mena churi chowrah',2,9,0.01,1,NULL,NULL),(822,'C0887','Thokai bangal mena churi chowrah',2,9,0.01,1,NULL,NULL),(823,'C0888','Thokai bangal mena churi chowrah',2,9,0.01,1,NULL,NULL),(824,'C0889','Thokai bangal mena churi chowrah',2,9,0.01,1,NULL,NULL),(825,'C0890','Thokai bangal mena churi chowrah',2,9,0.01,1,NULL,NULL),(826,'C0900','flat panching patla soru',2,11,0.01,1,NULL,NULL),(827,'C1251','hand chala churi soru',2,13,0.01,1,NULL,NULL),(828,'C1252','hand chala churi soru',2,13,0.01,1,NULL,NULL),(829,'C1253','hand chala churi soru',2,13,0.01,1,NULL,NULL),(830,'C1254','hand chala churi soru',2,13,0.01,1,NULL,NULL),(831,'C1255','hand chala churi soru',2,13,0.01,1,NULL,NULL),(832,'C1256','hand chala churi maghari',2,14,0.01,1,NULL,NULL),(833,'C1257','hand chala churi maghari',2,14,0.01,1,NULL,NULL),(834,'C1258','hand chala churi maghari',2,14,0.01,1,NULL,NULL),(835,'C1259','hand chala churi maghari',2,14,0.01,1,NULL,NULL),(836,'C1260','hand chala churi maghari',2,14,0.01,1,NULL,NULL),(837,'C1261','hand chala churi chowrah',2,15,0.01,1,NULL,NULL),(838,'C1262','hand chala churi chowrah',2,15,0.01,1,NULL,NULL),(839,'C1263','hand chala churi chowrah',2,15,0.01,1,NULL,NULL),(840,'C1264','hand chala churi chowrah',2,15,0.01,1,NULL,NULL),(841,'C1265','hand chala churi chowrah',2,15,0.01,1,NULL,NULL),(842,'C1266','hand chala mini bowti soru ',2,14,0.01,1,NULL,NULL),(843,'C1267','hand chala mini bowti soru ',2,14,0.01,1,NULL,NULL),(844,'C1268','hand chala mini bowti soru ',2,14,0.01,1,NULL,NULL),(845,'C1269','hand chala mini bowti soru ',2,14,0.01,1,NULL,NULL),(846,'C1270','hand chala mini bowti soru ',2,14,0.01,1,NULL,NULL),(847,'C1271','hand chala mini bowti maghari',2,15,0.01,1,NULL,NULL),(848,'C1272','hand chala mini bowti maghari',2,15,0.01,1,NULL,NULL),(849,'C1273','hand chala mini bowti maghari',2,15,0.01,1,NULL,NULL),(850,'C1274','hand chala mini bowti maghari',2,15,0.01,1,NULL,NULL),(851,'C1275','hand chala mini bowti maghari',2,15,0.01,1,NULL,NULL),(852,'C1276','hand chala mini bowti chowrah',2,16,0.01,1,NULL,NULL),(853,'C1277','hand chala mini bowti chowrah',2,16,0.01,1,NULL,NULL),(854,'C1278','hand chala mini bowti chowrah',2,16,0.01,1,NULL,NULL),(855,'C1279','hand chala mini bowti chowrah',2,16,0.01,1,NULL,NULL),(856,'C1280','hand chala mini bowti chowrah',2,16,0.01,1,NULL,NULL),(857,'C1281','hand chala decaration churi',2,16,0.01,1,NULL,NULL),(858,'C1282','hand chala decaration churi',2,16,0.01,1,NULL,NULL),(859,'C1283','hand chala decaration churi',2,16,0.01,1,NULL,NULL),(860,'C1284','hand chala decaration churi',2,16,0.01,1,NULL,NULL),(861,'C1285','hand chala decaration churi',2,16,0.01,1,NULL,NULL),(862,'C1286','hand chala decaration mini bowti',2,17,0.01,1,NULL,NULL),(863,'C1287','hand chala decaration mini bowti',2,17,0.01,1,NULL,NULL),(864,'C1288','hand chala decaration mini bowti',2,17,0.01,1,NULL,NULL),(865,'C1289','hand chala decaration mini bowti',2,17,0.01,1,NULL,NULL),(866,'C1290','hand chala decaration mini bowti',2,17,0.01,1,NULL,NULL),(867,'C1301','taser khal churi soru',2,9,0.01,1,NULL,NULL),(868,'C1302','taser khal churi soru',2,9,0.01,1,NULL,NULL),(869,'C1303','taser khal churi soru',2,9,0.01,1,NULL,NULL),(870,'C1304','taser khal churi soru',2,9,0.01,1,NULL,NULL),(871,'C1305','taser khal churi soru',2,9,0.01,1,NULL,NULL),(872,'C1306','taser khal mena churi soru',2,10,0.01,1,NULL,NULL),(873,'C1307','taser khal mena churi soru',2,10,0.01,1,NULL,NULL),(874,'C1308','taser khal mena churi soru',2,10,0.01,1,NULL,NULL),(875,'C1309','taser khal mena churi soru',2,10,0.01,1,NULL,NULL),(876,'C1310','taser khal mena churi soru',2,10,0.01,1,NULL,NULL),(877,'C1311','taser khal panching churi soru',2,10,0.01,1,NULL,NULL),(878,'C1312','taser khal panching churi soru',2,10,0.01,1,NULL,NULL),(879,'C1313','taser khal panching churi soru',2,10,0.01,1,NULL,NULL),(880,'C1314','taser khal panching churi soru',2,10,0.01,1,NULL,NULL),(881,'C1315','taser khal panching churi soru',2,10,0.01,1,NULL,NULL),(882,'C1316','taser khal churi maghari',2,10,0.01,1,NULL,NULL),(883,'C1317','taser khal churi maghari',2,10,0.01,1,NULL,NULL),(884,'C1318','taser khal churi maghari',2,10,0.01,1,NULL,NULL),(885,'C1319','taser khal churi maghari',2,10,0.01,1,NULL,NULL),(886,'C1320','Tesire Khal Churi Majhari',2,12,0.01,1,NULL,NULL),(887,'C1321','taser khal mena churi maghari',2,11,0.01,1,NULL,NULL),(888,'C1322','taser khal mena churi maghari',2,11,0.01,1,NULL,NULL),(889,'C1323','taser khal mena churi maghari',2,11,0.01,1,NULL,NULL),(890,'C1324','khal bauty',2,11,0.01,1,NULL,NULL),(891,'C1325','taser khal mena churi maghari',2,11,0.01,1,NULL,NULL),(892,'C1326','taser khal panching churi maghari',2,11,0.01,1,NULL,NULL),(893,'C1327','taser khal panching churi maghari',2,11,0.01,1,NULL,NULL),(894,'C1328','taser khal panching churi maghari',2,11,0.01,1,NULL,NULL),(895,'C1329','taser khal panching churi maghari',2,11,0.01,1,NULL,NULL),(896,'C1330','taser khal panching churi maghari',2,11,0.01,1,NULL,NULL),(897,'C1331','taser khal churi chowrah',2,11,0.01,1,NULL,NULL),(898,'C1332','taser khal churi chowrah',2,11,0.01,1,NULL,NULL),(899,'C1333','taser khal churi chowrah',2,11,0.01,1,NULL,NULL),(900,'C1334','taser khal churi chowrah',2,11,0.01,1,NULL,NULL),(901,'C1335','taser khal churi chowrah',2,11,0.01,1,NULL,NULL),(902,'C1336','taser khal mena  churi chowrah',2,12,0.01,1,NULL,NULL),(903,'C1337','taser khal mena  churi chowrah',2,12,0.01,1,NULL,NULL),(904,'C1338','taser khal mena  churi chowrah',2,12,0.01,1,NULL,NULL),(905,'C1339','taser khal mena  churi chowrah',2,12,0.01,1,NULL,NULL),(906,'C1340','taser khal mena  churi chowrah',2,12,0.01,1,NULL,NULL),(907,'C1341','taser khal panching churi chowrah',2,12,0.01,1,NULL,NULL),(908,'C1342','taser khal panching churi chowrah',2,12,0.01,1,NULL,NULL),(909,'C1343','taser khal panching churi chowrah',2,12,0.01,1,NULL,NULL),(910,'C1344','taser khal panching churi chowrah',2,12,0.01,1,NULL,NULL),(911,'C1345','taser khal panching churi chowrah',2,12,0.01,1,NULL,NULL),(912,'C1346','taser khal panching churi chowrah',2,12,0.01,1,NULL,NULL),(913,'C1347','taser khal panching churi chowrah',2,12,0.01,1,NULL,NULL),(914,'C1348','taser khal panching churi chowrah',2,12,0.01,1,NULL,NULL),(915,'C1349','taser khal panching churi chowrah',2,12,0.01,1,NULL,NULL),(916,'C1350','taser khal panching churi chowrah',2,12,0.01,1,NULL,NULL),(917,'C1356','half round khal churi soru',2,9,0.01,1,NULL,NULL),(918,'C1357','half round khal churi soru',2,9,0.01,1,NULL,NULL),(919,'C1358','half round khal churi soru',2,9,0.01,1,NULL,NULL),(920,'C1359','half round khal churi soru',2,9,0.01,1,NULL,NULL),(921,'C1360','half round khal churi soru',2,9,0.01,1,NULL,NULL),(922,'C1361','half round khal mena churi soru',2,10,0.01,1,NULL,NULL),(923,'C1362','half round khal mena churi soru',2,10,0.01,1,NULL,NULL),(924,'C1363','half round khal mena churi soru',2,10,0.01,1,NULL,NULL),(925,'C1364','half round khal mena churi soru',2,10,0.01,1,NULL,NULL),(926,'C1365','half round khal mena churi soru',2,10,0.01,1,NULL,NULL),(927,'C1366','half round khal panching mena churi soru',2,10,0.01,1,NULL,NULL),(928,'C1367','half round khal panching mena churi soru',2,10,0.01,1,NULL,NULL),(929,'C1368','half round khal panching mena churi soru',2,10,0.01,1,NULL,NULL),(930,'C1369','half round khal panching mena churi soru',2,10,0.01,1,NULL,NULL),(931,'C1370','half round khal panching mena churi soru',2,10,0.01,1,NULL,NULL),(932,'C1371','half round khal churi maghari ',2,10,0.01,1,NULL,NULL),(933,'C1372','half round khal churi maghari ',2,11,0.01,1,NULL,NULL),(934,'C1373','half round khal churi maghari ',2,11,0.01,1,NULL,NULL),(935,'C1374','half round khal churi maghari ',2,10,0.01,1,NULL,NULL),(936,'C1375','half round khal churi maghari ',2,10,0.01,1,NULL,NULL),(937,'C1376','half round khal mena churi maghari ',2,11,0.01,1,NULL,NULL),(938,'C1377','half round khal mena churi maghari ',2,11,0.01,1,NULL,NULL),(939,'C1378','half round khal mena churi maghari ',2,11,0.01,1,NULL,NULL),(940,'C1379','half round khal mena churi maghari ',2,11,0.01,1,NULL,NULL),(941,'C1380','half round khal mena churi maghari ',2,11,0.01,1,NULL,NULL),(942,'C1381','half round khal panching mena churi maghari ',2,11,0.01,1,NULL,NULL),(943,'C1382','half round khal panching mena churi maghari ',2,11,0.01,1,NULL,NULL),(944,'C1383','half round khal panching mena churi maghari ',2,11,0.01,1,NULL,NULL),(945,'C1384','half round khal panching mena churi maghari ',2,11,0.01,1,NULL,NULL),(946,'C1385','half round khal panching mena churi maghari ',2,11,0.01,1,NULL,NULL),(947,'C1386','half round khal churi chowrah',2,11,0.01,1,NULL,NULL),(948,'C1387','half round khal churi chowrah',2,11,0.01,1,NULL,NULL),(949,'C1388','half round khal churi chowrah',2,11,0.01,1,NULL,NULL),(950,'C1389','half round khal churi chowrah',2,11,0.01,1,NULL,NULL),(951,'C1390','half round khal churi chowrah',2,11,0.01,1,NULL,NULL),(952,'C1391','half round khal mean churi chowrah',2,12,0.01,1,NULL,NULL),(953,'C1392','half round khal mean churi chowrah',2,12,0.01,1,NULL,NULL),(954,'C1393','half round khal mean churi chowrah',2,12,0.01,1,NULL,NULL),(955,'C1394','half round khal mean churi chowrah',2,12,0.01,1,NULL,NULL),(956,'C1395','half round khal mean churi chowrah',2,12,0.01,1,NULL,NULL),(957,'C1396','half round khal mean churi chowrah',2,12,0.01,1,NULL,NULL),(958,'C1397','half round khal mean churi chowrah',2,12,0.01,1,NULL,NULL),(959,'C1398','half round khal mean churi chowrah',2,12,0.01,1,NULL,NULL),(960,'C1399','half round khal mean churi chowrah',2,12,0.01,1,NULL,NULL),(961,'C1400','half round khal mean churi chowrah',2,12,0.01,1,NULL,NULL),(962,'C1401','half round khal panching mean churi chowrah',2,12,0.01,1,NULL,NULL),(963,'C1402','half round khal panching mean churi chowrah',2,12,0.01,1,NULL,NULL),(964,'C1403','half round khal panching mean churi chowrah',2,7,0.01,1,NULL,NULL),(965,'C1404','half round khal panching mean churi chowrah',2,8,0.01,1,NULL,NULL),(966,'C1405','THOKAI CHURI',2,8,0.01,1,NULL,NULL),(967,'C1406','Thokai Churi',2,7,0.01,1,NULL,NULL),(968,'C1407','Thokai Churi',2,7,0.01,1,NULL,NULL),(969,'C1408','Thokai Churi',2,7,0.01,1,NULL,NULL),(970,'C1409','Thokai Churi',2,7,0.01,1,NULL,NULL),(971,'C1410','Thokai Churi',2,7,0.01,1,NULL,NULL),(972,'C1411','3pol  khal churi soru',2,9,0.01,1,NULL,NULL),(973,'C1412','Thokai Churi',2,7,0.01,1,NULL,NULL),(974,'C1413','Thokai Churi',2,7,0.01,1,NULL,NULL),(975,'C1414','THOKAI CHURI',2,7,0.01,1,NULL,NULL),(976,'C1415','Thokai Churi',2,7,0.01,1,NULL,NULL),(977,'C1416','Thokai Churi',2,7,0.01,1,NULL,NULL),(978,'C1417','Thokai Churi',2,7,0.01,1,NULL,NULL),(979,'C1418','Thokai Churi',2,7,0.01,1,NULL,NULL),(980,'C1419','CHURI',2,7,0.01,1,NULL,NULL),(981,'C1420','3pol  khal mena churi soru',2,10,0.01,1,NULL,NULL),(982,'C1421','3pol  khal panching churi soru',2,8,0.01,1,NULL,NULL),(983,'C1422','CHURI',2,7,0.01,1,NULL,NULL),(984,'C1423','CHURI',2,7,0.01,1,NULL,NULL),(985,'C1424','CHURI',2,7,0.01,1,NULL,NULL),(986,'C1425','3pol  khal panching churi soru',2,7,0.01,1,NULL,NULL),(987,'C1426','CHURI',2,7,0.01,1,NULL,NULL),(988,'C1427','CHURI',2,7,0.01,1,NULL,NULL),(989,'C1428','CHURI',2,7,0.01,1,NULL,NULL),(990,'C1429','CHURI',2,7,0.01,1,NULL,NULL),(991,'C1430','CHURI',2,7,0.01,1,NULL,NULL),(992,'C1431','churi',2,7,0.01,1,NULL,NULL),(993,'C1432','churi',2,7,0.01,1,NULL,NULL),(994,'C1433','churi',2,7,0.01,1,NULL,NULL),(995,'C1434','churi',2,7,0.01,1,NULL,NULL),(996,'C1435','churi',2,7,0.01,1,NULL,NULL),(997,'C1436','churi',2,7,0.01,1,NULL,NULL),(998,'C1437','3pol  khal panching churi maghari',2,7,0.01,1,NULL,NULL),(999,'C1438','3pol  khal panching churi maghari',2,7,0.01,1,NULL,NULL),(1000,'C1439','3pol  khal panching churi maghari',2,8,0.01,1,NULL,NULL),(1001,'C1440','3pol  khal panching churi maghari',2,7,0.01,1,NULL,NULL),(1002,'C1441','3pol  khal churi chowrah ',2,11,0.01,1,NULL,NULL),(1003,'C1442','3pol  khal churi chowrah ',2,11,0.01,1,NULL,NULL),(1004,'C1443','3pol  khal churi chowrah ',2,7,0.01,1,NULL,NULL),(1005,'C1444','THOKAI CHURI ',2,7,0.01,1,NULL,NULL),(1006,'C1445','3pol  khal churi chowrah ',2,7,0.01,1,NULL,NULL),(1007,'C1446','CHURI ',2,7,0.01,1,NULL,NULL),(1008,'C1447','3pol  khal churi chowrah ',2,8,0.01,1,NULL,NULL),(1009,'C1448','3pol  khal churi chowrah ',2,7,0.01,1,NULL,NULL),(1010,'C1449','3pol  khal churi chowrah ',2,7,0.01,1,NULL,NULL),(1011,'C1450','3pol  khal churi chowrah ',2,7,0.01,1,NULL,NULL),(1012,'C1451','3pol  khal mena churi chowrah ',2,8,0.01,1,NULL,NULL),(1013,'C1452','3pol  khal mena churi chowrah ',2,7,0.01,1,NULL,NULL),(1014,'C1453','3pol  khal mena churi chowrah ',2,7,0.01,1,NULL,NULL),(1015,'C1454','3pol  khal mena churi chowrah ',2,12,0.01,1,NULL,NULL),(1016,'C1455','3pol  khal mena churi chowrah ',2,12,0.01,1,NULL,NULL),(1017,'C1456','3pol  khal panching churi chowrah ',2,12,0.01,1,NULL,NULL),(1018,'C1457','3pol  khal panching churi chowrah ',2,12,0.01,1,NULL,NULL),(1019,'C1458','3pol  khal panching churi chowrah ',2,12,0.01,1,NULL,NULL),(1020,'C1459','3pol  khal panching churi chowrah ',2,12,0.01,1,NULL,NULL),(1021,'C1460','3pol  khal panching churi chowrah ',2,12,0.01,1,NULL,NULL),(1022,'C1466','chowrah khal bowti 15mm',2,15,0.01,1,NULL,NULL),(1023,'C1467','chowrah khal bowti 15mm',2,15,0.01,1,NULL,NULL),(1024,'C1468','chowrah khal mena  bowti 15mm',2,16,0.01,1,NULL,NULL),(1025,'C1469','chowrah khal mena  bowti 15mm',2,16,0.01,1,NULL,NULL),(1026,'C1470','chowrah khal panching mena bowti 15mm',2,17,0.01,1,NULL,NULL),(1027,'C1471','chowrah khal panching mena bowti 15mm',2,17,0.01,1,NULL,NULL),(1028,'C1472','chowrah khal decaration bowti 15mm',2,18,0.01,1,NULL,NULL),(1029,'C1473','chowrah khal decaration bowti 15mm',2,18,0.01,1,NULL,NULL),(1030,'C1474','chowrah khal decaration mena bowti 15mm',2,19,0.01,1,NULL,NULL),(1031,'C1475','chowrah khal decaration mena bowti 15mm',2,19,0.01,1,NULL,NULL),(1032,'C1476','chowrah khal bowti 20mm',2,16,0.01,1,NULL,NULL),(1033,'C1477','chowrah khal bowti 20mm',2,16,0.01,1,NULL,NULL),(1034,'C1478','chowrah khal mena bowti 20mm',2,17,0.01,1,NULL,NULL),(1035,'C1479','chowrah khal mena bowti 20mm',2,17,0.01,1,NULL,NULL),(1036,'C1480','chowrah khal panching mena bowti 20mm',2,18,0.01,1,NULL,NULL),(1037,'C1481','chowrah khal panching mena bowti 20mm',2,18,0.01,1,NULL,NULL),(1038,'C1482','chowrah khal decaration bowti 20mm',2,19,0.01,1,NULL,NULL),(1039,'C1483','chowrah khal decaration bowti 20mm',2,19,0.01,1,NULL,NULL),(1040,'C1484','chowrah khal decaration mena bowti 20mm',2,20,0.01,1,NULL,NULL),(1041,'C1485','chowrah khal decaration mena bowti 20mm',2,20,0.01,1,NULL,NULL),(1042,'C1486','chowrah khal bowti 25mm',2,17,0.01,1,NULL,NULL),(1043,'C1487','chowrah khal bowti 25mm',2,17,0.01,1,NULL,NULL),(1044,'C1488','chowrah khal mena bowti 25mm',2,18,0.01,1,NULL,NULL),(1045,'C1489','chowrah khal mena bowti 25mm',2,18,0.01,1,NULL,NULL),(1046,'C1490','chowrah khal panching mena bowti 25mm',2,19,0.01,1,NULL,NULL),(1047,'C1491','chowrah khal panching mena bowti 25mm',2,19,0.01,1,NULL,NULL),(1048,'C1492','chowrah khal decaration bowti 25mm',2,20,0.01,1,NULL,NULL),(1049,'C1493','chowrah khal decaration bowti 25mm',2,20,0.01,1,NULL,NULL),(1050,'C1494','chowrah khal decaration mena bowti 25mm',2,21,0.01,1,NULL,NULL),(1051,'C1495','chowrah khal decaration mena bowti 25mm',2,21,0.01,1,NULL,NULL),(1052,'C1501','1 tarar baki churi',2,8,0.01,1,NULL,NULL),(1053,'C1502','1 tarar baki churi',2,7,0.01,1,NULL,NULL),(1054,'C1503','1 tarar baki churi',2,8,0.01,1,NULL,NULL),(1055,'C1504','1 tarar baki churi',2,8,0.01,1,NULL,NULL),(1056,'C1505','1 tarar baki churi',2,6,0.01,1,NULL,NULL),(1057,'C1506','1 tarar panching baki churi',2,8,0.01,1,NULL,NULL),(1058,'C1507','1 tarar panching baki churi',2,7,0.01,1,NULL,NULL),(1059,'C1508','1 tarar panching baki churi',2,8,0.01,1,NULL,NULL),(1060,'C1509','1 tarar panching baki churi',2,7,0.01,1,NULL,NULL),(1061,'C1510','1 tarar panching baki churi',2,8,0.01,1,NULL,NULL),(1062,'C1511','1 tarar mena baki churi',2,7,0.01,1,NULL,NULL),(1063,'C1512','1 tarer  beki  churi',2,7,0.01,1,NULL,NULL),(1064,'C1513','1 tarar mena baki churi',2,7,0.01,1,NULL,NULL),(1065,'C1514','1 tarar mena baki churi',2,7,0.01,1,NULL,NULL),(1066,'C1515','1 tarar mena baki churi',2,6,0.01,1,NULL,NULL),(1067,'C1516','2 tarar baki churi',2,14,0.01,1,NULL,NULL),(1068,'C1517','2 tarar baki churi',2,14,0.01,1,NULL,NULL),(1069,'C1518','2 tarar baki churi',2,14,0.01,1,NULL,NULL),(1070,'C1519','2 tarar baki churi',2,14,0.01,1,NULL,NULL),(1071,'C1520','2 tarar baki churi',2,14,0.01,1,NULL,NULL),(1072,'C1521','2 tarar baki churi',2,14,0.01,1,NULL,NULL),(1073,'C1522','2 tarar baki churi',2,14,0.01,1,NULL,NULL),(1074,'C1523','2 tarar baki churi',2,14,0.01,1,NULL,NULL),(1075,'C1524','2 tarar baki churi',2,14,0.01,1,NULL,NULL),(1076,'C1525','2 tarar baki churi',2,14,0.01,1,NULL,NULL),(1077,'C1526','2 tarar baki churi',2,14,0.01,1,NULL,NULL),(1078,'C1527','2 tarar baki churi',2,14,0.01,1,NULL,NULL),(1079,'C1528','2 tarar baki churi',2,14,0.01,1,NULL,NULL),(1080,'C1529','2 tarar baki churi',2,14,0.01,1,NULL,NULL),(1081,'C1530','2 tarar baki churi',2,14,0.01,1,NULL,NULL),(1082,'C1531','2 tarar baki churi',2,14,0.01,1,NULL,NULL),(1083,'C1532','2 tarar baki churi',2,14,0.01,1,NULL,NULL),(1084,'C1533','2 tarar baki churi',2,14,0.01,1,NULL,NULL),(1085,'C1534','2 tarar baki churi',2,14,0.01,1,NULL,NULL),(1086,'C1535','2 tarar baki churi',2,14,0.01,1,NULL,NULL),(1087,'C1536','2 tarar panching baki churi',2,15,0.01,1,NULL,NULL),(1088,'C1537','2 tarar panching baki churi',2,15,0.01,1,NULL,NULL),(1089,'C1538','2 tarar panching baki churi',2,14,0.01,1,NULL,NULL),(1090,'C1539','2 tarar panching baki churi',2,14,0.01,1,NULL,NULL),(1091,'C1540','2 tarar panching baki churi',2,13,0.01,1,NULL,NULL),(1092,'C1541','2 tarar panching baki churi',2,13,0.01,1,NULL,NULL),(1093,'C1542','2 tarar panching baki churi',2,7,0.01,1,NULL,NULL),(1094,'C1543','2 tarar panching baki churi',2,7,0.01,1,NULL,NULL),(1095,'C1544','2 tarar panching baki churi',2,14,0.01,1,NULL,NULL),(1096,'C1545','2 tarar panching baki churi',2,14,0.01,1,NULL,NULL),(1097,'C1546','2 tarar mena baki churi',2,18,0.01,1,NULL,NULL),(1098,'C1547','2 tarar mena baki churi',2,6,0.01,1,NULL,NULL),(1099,'C1548','2 tarar mena baki churi',2,6,0.01,1,NULL,NULL),(1100,'C1549','2 tarar mena baki churi',2,6,0.01,1,NULL,NULL),(1101,'C1550','2 tarar mena baki churi',2,6,0.01,1,NULL,NULL),(1102,'C1551','2 tarar mena baki churi',2,16,0.01,1,NULL,NULL),(1103,'C1552','2 tarar mena baki churi',2,16,0.01,1,NULL,NULL),(1104,'C1553','2 tarar mena baki churi',2,14,0.01,1,NULL,NULL),(1105,'C1554','2 tarar mena baki churi',2,16,0.01,1,NULL,NULL),(1106,'C1555','2 tarar mena baki churi',2,16,0.01,1,NULL,NULL),(1107,'C1556','3 tarar baki churi',2,16,0.01,1,NULL,NULL),(1108,'C1557','3 tarar baki churi',2,16,0.01,1,NULL,NULL),(1109,'C1558','3 tarar baki churi',2,16,0.01,1,NULL,NULL),(1110,'C1559','3 tarar baki churi',2,16,0.01,1,NULL,NULL),(1111,'C1560','3 tarar baki churi',2,16,0.01,1,NULL,NULL),(1112,'C1561','3 tarar baki churi',2,16,0.01,1,NULL,NULL),(1113,'C1562','3 tarar baki churi',2,16,0.01,1,NULL,NULL),(1114,'C1563','3 tarar baki churi',2,16,0.01,1,NULL,NULL),(1115,'C1564','3 tarar baki churi',2,16,0.01,1,NULL,NULL),(1116,'C1565','3 tarar baki churi',2,16,0.01,1,NULL,NULL),(1117,'C1566','3 tarar panching  baki churi',2,17,0.01,1,NULL,NULL),(1118,'C1567','3 tarar panching  baki churi',2,17,0.01,1,NULL,NULL),(1119,'C1568','3 tarar panching  baki churi',2,17,0.01,1,NULL,NULL),(1120,'C1569','2 tarar panching  baki churi',2,20,0.01,1,NULL,NULL),(1121,'C1570','3 tarar panching  baki churi',2,18,0.01,1,NULL,NULL),(1122,'C1571','3 tarar mena baki churi',2,18,0.01,1,NULL,NULL),(1123,'C1572','3 tarar mena baki churi',2,18,0.01,1,NULL,NULL),(1124,'C1573','3 tarar mena baki churi',2,18,0.01,1,NULL,NULL),(1125,'C1574','3 tarar mena baki churi',2,18,0.01,1,NULL,NULL),(1126,'C1575','3 tarar mena baki churi',2,16,0.01,1,NULL,NULL),(1127,'C1576','4 tarar baki churi',2,17,0.01,1,NULL,NULL),(1128,'C1577','4 tarar baki churi',2,17,0.01,1,NULL,NULL),(1129,'C1578','4 tarar baki churi',2,17,0.01,1,NULL,NULL),(1130,'C1579','4 tarar baki churi',2,17,0.01,1,NULL,NULL),(1131,'C1580','4 tarar baki churi',2,17,0.01,1,NULL,NULL),(1132,'C1581','4 tarar panching baki churi',2,18,0.01,1,NULL,NULL),(1133,'C1582','4 tarar panching baki churi',2,18,0.01,1,NULL,NULL),(1134,'C1583','4 tarar panching baki churi',2,18,0.01,1,NULL,NULL),(1135,'C1584','4 tarar panching baki churi',2,18,0.01,1,NULL,NULL),(1136,'C1585','4 tarar panching baki churi',2,18,0.01,1,NULL,NULL),(1137,'C1586','4 tarar mena baki churi',2,19,0.01,1,NULL,NULL),(1138,'C1587','4 tarar baki churi',2,19,0.01,1,NULL,NULL),(1139,'C1588','4 tarar mena baki churi',2,19,0.01,1,NULL,NULL),(1140,'C1589','2 tarar  baki churi',2,13,0.01,1,NULL,NULL),(1141,'C1590','4 tarar mena baki churi',2,13,0.01,1,NULL,NULL),(1142,'C1591','Bekey Churi',2,13,0.01,1,NULL,NULL),(1143,'C1592','Bekey Churi',2,13,0.01,1,NULL,NULL),(1144,'C1593','Bekey Churi',2,15,0.01,1,NULL,NULL),(1145,'C1594','Bekey churi',2,13,0.01,1,NULL,NULL),(1146,'C1595','churi',2,16,0.01,1,NULL,NULL),(1147,'C1597','2 tarar baki churi regi chara',2,14,0.01,1,NULL,NULL),(1148,'C1598','Bekey Churi',2,13,0.01,1,NULL,NULL),(1149,'C1599','churi',2,20,0.01,1,NULL,NULL),(1150,'C1600','Bekey Churi',2,20,0.01,1,NULL,NULL),(1151,'C1643','konkon',2,14,0.01,1,NULL,NULL),(1152,'C1644','konkon',2,14,0.01,1,NULL,NULL),(1153,'C1645','thokai bangala mini mena konkon',2,14,0.01,1,NULL,NULL),(1154,'C1651','thokai dd  mini  konkon',2,13,0.01,1,NULL,NULL),(1155,'C1652','thokai dd  mini  konkon',2,13,0.01,1,NULL,NULL),(1156,'C1653','thokai dd  mini  konkon',2,13,0.01,1,NULL,NULL),(1157,'C1654','thokai dd  mini  konkon',2,13,0.01,1,NULL,NULL),(1158,'C1655','thokai dd  mini  konkon',2,13,0.01,1,NULL,NULL),(1159,'C1656','thokai dd mena mini  konkon',2,14,0.01,1,NULL,NULL),(1160,'C1657','thokai dd mena mini  konkon',2,14,0.01,1,NULL,NULL),(1161,'C1658','thokai dd mena mini  konkon',2,14,0.01,1,NULL,NULL),(1162,'C1659','thokai dd mena mini  konkon',2,14,0.01,1,NULL,NULL),(1163,'C1660','thokai dd mena mini  konkon',2,14,0.01,1,NULL,NULL),(1164,'C1666','thokai joypuri  mini  konkon',2,12,0.01,1,NULL,NULL),(1165,'C1667','thokai joypuri  mini  konkon',2,12,0.01,1,NULL,NULL),(1166,'C1668','thokai joypuri  mini  konkon',2,12,0.01,1,NULL,NULL),(1167,'C1669','thokai joypuri  mini  konkon',2,12,0.01,1,NULL,NULL),(1168,'C1670','thokai joypuri  mini  konkon',2,12,0.01,1,NULL,NULL),(1169,'C1671','thokai joypuri mena mini  konkon',2,13,0.01,1,NULL,NULL),(1170,'C1672','thokai joypuri mena mini  konkon',2,13,0.01,1,NULL,NULL),(1171,'C1673','thokai joypuri mena mini  konkon',2,13,0.01,1,NULL,NULL),(1172,'C1674','thokai joypuri mena mini  konkon',2,13,0.01,1,NULL,NULL),(1173,'C1675','thokai joypuri mena mini  konkon',2,13,0.01,1,NULL,NULL),(1174,'C1678','panjabi bala taser ',2,14,0.01,1,NULL,NULL),(1175,'C1679','panjabi bala taser ',2,14,0.01,1,NULL,NULL),(1176,'C1680','panjabi bala taser ',2,14,0.01,1,NULL,NULL),(1177,'C1681','panjabi bala half round ',2,15,0.01,1,NULL,NULL),(1178,'C1682','panjabi bala half round ',2,15,0.01,1,NULL,NULL),(1179,'C1683','panjabi bala mena half round ',2,14,0.01,1,NULL,NULL),(1180,'C1684','panjabi bala mena half round ',2,16,0.01,1,NULL,NULL),(1181,'C1685','panjabi bala mena half round ',2,16,0.01,1,NULL,NULL),(1182,'C1686','panjabi bala flat panching ',2,16,0.01,1,NULL,NULL),(1183,'C1687','panjabi bala flat panching ',2,16,0.01,1,NULL,NULL),(1184,'C1688','panjabi bala flat panching ',2,16,0.01,1,NULL,NULL),(1185,'C1689','panjabi bala flat panching mena',2,17,0.01,1,NULL,NULL),(1186,'C1690','panjabi bala flat panching mena',2,17,0.01,1,NULL,NULL),(1187,'C1691','panjabi bala flat panching mena',2,17,0.01,1,NULL,NULL),(1188,'C1692','panjabi bala flat decaration',2,18,0.01,1,NULL,NULL),(1189,'C1693','panjabi bala flat decaration',2,18,0.01,1,NULL,NULL),(1190,'C1694','panjabi bala flat decaration',2,18,0.01,1,NULL,NULL),(1191,'C1695','panjabi bala flat decaration mena',2,19,0.01,1,NULL,NULL),(1192,'C1696','panjabi bala flat decaration mena',2,19,0.01,1,NULL,NULL),(1193,'C1697','panjabi bala flat decaration mena',2,19,0.01,1,NULL,NULL),(1194,'C1699','Khal Bala',2,18,0.01,1,NULL,NULL),(1195,'C1701','THOKAI CHURI',2,7,0.01,1,NULL,NULL),(1196,'C1702','THOKAI CHURI',2,7,0.01,1,NULL,NULL),(1197,'C1703','THOKAI CHURI',2,7,0.01,1,NULL,NULL),(1198,'C1704','THOKAI CHURI',2,8,0.01,1,NULL,NULL),(1199,'C1705','THOKAI CHURI',2,7,0.01,1,NULL,NULL),(1200,'C1706','THOKAI CHURI',2,8,0.01,1,NULL,NULL),(1201,'C1707','Thikai dd churi saru',2,7,0.01,1,NULL,NULL),(1202,'C1708','THOKAI CHURI',2,7,0.01,1,NULL,NULL),(1203,'C1709','THOKAI CHURI',2,8,0.01,1,NULL,NULL),(1204,'C1710','CHURI',2,7,0.01,1,NULL,NULL),(1205,'C1711','Thokai Churi',2,7,0.01,1,NULL,NULL),(1206,'C1713','Thokai Churi',2,7,0.01,1,NULL,NULL),(1207,'C1714','Thokai Ckuri',2,7,0.01,1,NULL,NULL),(1208,'C1715','Thokai Churi',2,8,0.01,1,NULL,NULL),(1209,'C1716','Thokai Churi',2,7,0.01,1,NULL,NULL),(1210,'C1717','Thokai Churi',2,7,0.01,1,NULL,NULL),(1211,'C1718','THOKAI CHURI',2,7,0.01,1,NULL,NULL),(1212,'C1719','THOKAI CHURI',2,7,0.01,1,NULL,NULL),(1213,'C1720','CHURI',2,7,0.01,1,NULL,NULL),(1214,'C1721','THOKAI CHURI',2,7,0.01,1,NULL,NULL),(1215,'C1722','THOKAI CHURI',2,7,0.01,1,NULL,NULL),(1216,'C1723','Thokai Churi',2,7,0.01,1,NULL,NULL),(1217,'C1724','CHURI',2,11,0.01,1,NULL,NULL),(1218,'C1725','THOKAI CHURI',2,7,0.01,1,NULL,NULL),(1219,'C1726','THOKAI CHURI',2,7,0.01,1,NULL,NULL),(1220,'C1727','THOKAI CHURI',2,7,0.01,1,NULL,NULL),(1221,'C1728','THOKAI CHURI',2,7,0.01,1,NULL,NULL),(1222,'C1729','THOKAI CHURI',2,7,0.01,1,NULL,NULL),(1223,'C1730','Thokai Churi',2,8,0.01,1,NULL,NULL),(1224,'C1731','THOKAI CHURI',2,7,0.01,1,NULL,NULL),(1225,'C1732','THOKAI CHURI',2,7,0.01,1,NULL,NULL),(1226,'C1733','CHURI',2,7,0.01,1,NULL,NULL),(1227,'C1735','Thokai Churi',2,8,0.01,1,NULL,NULL),(1228,'C1737','CHURI',2,8,0.01,1,NULL,NULL),(1229,'C1738','CHURI',2,7,0.01,1,NULL,NULL),(1230,'C1741','CHURI',2,7,0.01,1,NULL,NULL),(1231,'C1762','CHURI',2,7,0.01,1,NULL,NULL),(1232,'C1763','THOKAI CHURI',2,7,0.01,1,NULL,NULL),(1233,'C1776','thokai churi',2,7,0.01,1,NULL,NULL),(1234,'C1781','Churi',2,7,0.01,1,NULL,NULL),(1235,'C1782','Thokai Churi',2,7,0.01,1,NULL,NULL),(1236,'C1785','THOKAI CHURI',2,7,0.01,1,NULL,NULL),(1237,'C1786','churi',2,7,0.01,1,NULL,NULL),(1238,'C1788','THOKAI CHURI',2,8,0.01,1,NULL,NULL),(1239,'C1789','THOKAI CHURI',2,7,0.01,1,NULL,NULL),(1240,'C1790','CHURI',2,7,0.01,1,NULL,NULL),(1241,'C1791','churi',2,8,0.01,1,NULL,NULL),(1242,'C1792','churi',2,7,0.01,1,NULL,NULL),(1243,'C1793','churi',2,7,0.01,1,NULL,NULL),(1244,'C1794','churi',2,7,0.01,1,NULL,NULL),(1245,'C1795','CHURI',2,7,0.01,1,NULL,NULL),(1246,'C1796','churi',2,7,0.01,1,NULL,NULL),(1247,'C2001','8MM panching mina patla',2,11,0.01,1,NULL,NULL),(1248,'C2002','8MM panching mina patla',2,11,0.01,1,NULL,NULL),(1249,'C2003','8MM panching mina patla',2,11,0.01,1,NULL,NULL),(1250,'C2004','8MM panching mina patla',2,11,0.01,1,NULL,NULL),(1251,'C2005','8MM panching mina patla',2,11,0.01,1,NULL,NULL),(1252,'C2006','9MM panching mina patla',2,14,0.01,1,NULL,NULL),(1253,'C2007','9MM panching mina patla',2,12,0.01,1,NULL,NULL),(1254,'C2008','9MM panching mina patla',2,12,0.01,1,NULL,NULL),(1255,'C2009','9MM panching mina patla',2,12,0.01,1,NULL,NULL),(1256,'C2010','9MM panching mina patla',2,12,0.01,1,NULL,NULL),(1257,'C2011','10MM panching mina patla',2,13,0.01,1,NULL,NULL),(1258,'C2012','10MM panching mina patla',2,13,0.01,1,NULL,NULL),(1259,'C2013','10MM panching mina patla',2,13,0.01,1,NULL,NULL),(1260,'C2014','10MM panching mina patla',2,13,0.01,1,NULL,NULL),(1261,'C2015','10MM panching mina patla',2,13,0.01,1,NULL,NULL),(1262,'C2016','11MM panching mina patla',2,14,0.01,1,NULL,NULL),(1263,'C2017','11MM panching mina patla',2,14,0.01,1,NULL,NULL),(1264,'C2018','11MM panching mina patla',2,14,0.01,1,NULL,NULL),(1265,'C2019','11MM panching mina patla',2,14,0.01,1,NULL,NULL),(1266,'C2020','11MM panching mina patla',2,14,0.01,1,NULL,NULL),(1267,'C2021','12MM panching mina patla',2,15,0.01,1,NULL,NULL),(1268,'C2022','12MM panching mina patla',2,15,0.01,1,NULL,NULL),(1269,'C2023','12MM panching mina patla',2,15,0.01,1,NULL,NULL),(1270,'C2024','12MM panching mina patla',2,15,0.01,1,NULL,NULL),(1271,'C2025','12MM panching mina patla',2,15,0.01,1,NULL,NULL),(1272,'C2027','13MM panching mina patla',2,16,0.01,1,NULL,NULL),(1273,'C2028','13MM panching mina patla',2,16,0.01,1,NULL,NULL),(1274,'C2029','13MM panching mina patla',2,16,0.01,1,NULL,NULL),(1275,'C2030','13MM panching mina patla',2,16,0.01,1,NULL,NULL),(1276,'C2031','14MM panching mina patla',2,17,0.01,1,NULL,NULL),(1277,'C2032','14MM panching mina patla',2,17,0.01,1,NULL,NULL),(1278,'C2033','14MM panching mina patla',2,17,0.01,1,NULL,NULL),(1279,'C2034','14MM panching mina patla',2,17,0.01,1,NULL,NULL),(1280,'C2035','14MM panching mina patla',2,17,0.01,1,NULL,NULL),(1281,'C2036','15MM panching mina patla',2,18,0.01,1,NULL,NULL),(1282,'C2037','15MM panching mina patla',2,18,0.01,1,NULL,NULL),(1283,'C2038','15MM panching mina patla',2,18,0.01,1,NULL,NULL),(1284,'C2039','15MM panching mina patla',2,18,0.01,1,NULL,NULL),(1285,'C2040','15MM panching mina patla',2,18,0.01,1,NULL,NULL),(1286,'C2041','16MM panching mina patla',2,19,0.01,1,NULL,NULL),(1287,'C2042','16MM panching mina patla',2,19,0.01,1,NULL,NULL),(1288,'C2043','16MM panching mina patla',2,19,0.01,1,NULL,NULL),(1289,'C2044','16MM panching mina patla',2,19,0.01,1,NULL,NULL),(1290,'C2045','16MM panching mina patla',2,19,0.01,1,NULL,NULL),(1291,'C2046','17MM panching mina patla',2,20,0.01,1,NULL,NULL),(1292,'C2047','17MM panching mina patla',2,20,0.01,1,NULL,NULL),(1293,'C2048','17MM panching mina patla',2,20,0.01,1,NULL,NULL),(1294,'C2049','17MM panching mina patla',2,20,0.01,1,NULL,NULL),(1295,'C2050','17MM panching mina patla',2,20,0.01,1,NULL,NULL),(1296,'C2051','18MM panching mina patla',2,21,0.01,1,NULL,NULL),(1297,'C2052','18MM panching mina patla',2,21,0.01,1,NULL,NULL),(1298,'C2053','18MM panching mina patla',2,21,0.01,1,NULL,NULL),(1299,'C2054','18MM panching mina patla',2,21,0.01,1,NULL,NULL),(1300,'C2055','18MM panching mina patla',2,21,0.01,1,NULL,NULL),(1301,'C2056','19MM panching mina patla',2,22,0.01,1,NULL,NULL),(1302,'C2057','19MM panching mina patla',2,22,0.01,1,NULL,NULL),(1303,'C2058','19MM panching mina patla',2,22,0.01,1,NULL,NULL),(1304,'C2059','19MM panching mina patla',2,22,0.01,1,NULL,NULL),(1305,'C2060','19MM panching mina patla',2,22,0.01,1,NULL,NULL),(1306,'C2061','20MM panching mina patla',2,23,0.01,1,NULL,NULL),(1307,'C2062','20MM panching mina patla',2,23,0.01,1,NULL,NULL),(1308,'C2063','20MM panching mina patla',2,23,0.01,1,NULL,NULL),(1309,'C2064','20MM panching mina patla',2,23,0.01,1,NULL,NULL),(1310,'C2065','20MM panching mina patla',2,23,0.01,1,NULL,NULL),(1311,'C2071','half round panching churi  chowrah ',2,15,0.01,1,NULL,NULL),(1312,'C2072','half round panching churi  chowrah ',2,15,0.01,1,NULL,NULL),(1313,'C2073','half round panching churi  chowrah ',2,15,0.01,1,NULL,NULL),(1314,'C2074','half round panching churi  chowrah ',2,15,0.01,1,NULL,NULL),(1315,'C2075','half round panching churi  chowrah ',2,15,0.01,1,NULL,NULL),(1316,'C2076','half round panching  mena churi  chowrah ',2,16,0.01,1,NULL,NULL),(1317,'C2077','half round panching  mena churi  chowrah ',2,16,0.01,1,NULL,NULL),(1318,'C2078','half round panching  mena churi  chowrah ',2,16,0.01,1,NULL,NULL),(1319,'C2079','half round panching  mena churi  chowrah ',2,16,0.01,1,NULL,NULL),(1320,'C2080','half round panching  mena churi  chowrah ',2,16,0.01,1,NULL,NULL),(1321,'C2081','taser panching churi  chowrah ',2,16,0.01,1,NULL,NULL),(1322,'C2082','taser panching churi  chowrah ',2,16,0.01,1,NULL,NULL),(1323,'C2083','taser panching churi  chowrah ',2,16,0.01,1,NULL,NULL),(1324,'C2084','taser panching churi  chowrah ',2,16,0.01,1,NULL,NULL),(1325,'C2085','taser panching churi  chowrah ',2,16,0.01,1,NULL,NULL),(1326,'C2086','taser panching mena churi  chowrah ',2,17,0.01,1,NULL,NULL),(1327,'C2087','taser panching mena churi  chowrah ',2,17,0.01,1,NULL,NULL),(1328,'C2088','taser panching mena churi  chowrah ',2,17,0.01,1,NULL,NULL),(1329,'C2089','taser panching mena churi  chowrah ',2,17,0.01,1,NULL,NULL),(1330,'C2090','taser panching mena churi  chowrah ',2,17,0.01,1,NULL,NULL),(1331,'C2101','half round khal panching soru ',2,10,0.01,1,NULL,NULL),(1332,'C2102','half round khal panching soru ',2,10,0.01,1,NULL,NULL),(1333,'C2103','half round khal panching soru ',2,10,0.01,1,NULL,NULL),(1334,'C2104','half round khal panching soru ',2,10,0.01,1,NULL,NULL),(1335,'C2105','half round khal panching soru ',2,10,0.01,1,NULL,NULL),(1336,'C2106','half round khal panching decaration mina ',2,17,0.01,1,NULL,NULL),(1337,'C2107','half round khal panching decaration mina ',2,17,0.01,1,NULL,NULL),(1338,'C2108','half round khal panching decaration mina ',2,17,0.01,1,NULL,NULL),(1339,'C2109','half round khal panching decaration mina ',2,17,0.01,1,NULL,NULL),(1340,'C2110','half round khal panching decaration mina ',2,17,0.01,1,NULL,NULL),(1341,'C2111','half round khal panching maghari ',2,11,0.01,1,NULL,NULL),(1342,'C2112','half round khal panching maghari ',2,17,0.01,1,NULL,NULL),(1343,'C2113','half round khal panching maghari ',2,17,0.01,1,NULL,NULL),(1344,'C2114','half round khal panching maghari ',2,17,0.01,1,NULL,NULL),(1345,'C2115','half round khal panching maghari ',2,17,0.01,1,NULL,NULL),(1346,'C2116','half round khal panching decaration mena maghari ',2,13,0.01,1,NULL,NULL),(1347,'C2117','half round khal panching decaration mena maghari ',2,13,0.01,1,NULL,NULL),(1348,'C2118','half round khal panching decaration mena maghari ',2,13,0.01,1,NULL,NULL),(1349,'C2119','half round khal panching decaration mena maghari ',2,13,0.01,1,NULL,NULL),(1350,'C2120','half round khal panching decaration mena maghari ',2,13,0.01,1,NULL,NULL),(1351,'C2121','half round khal panching chowrah ',2,12,0.01,1,NULL,NULL),(1352,'C2122','half round khal panching chowrah ',2,12,0.01,1,NULL,NULL),(1353,'C2123','half round khal panching chowrah ',2,12,0.01,1,NULL,NULL),(1354,'C2124','half round khal panching chowrah ',2,12,0.01,1,NULL,NULL),(1355,'C2125','half round khal panching chowrah ',2,12,0.01,1,NULL,NULL),(1356,'C2126','half round khal panching chowrah ',2,12,0.01,1,NULL,NULL),(1357,'C2127','half round khal panching decaration mena chowrah ',2,14,0.01,1,NULL,NULL),(1358,'C2128','half round khal panching decaration mena chowrah ',2,14,0.01,1,NULL,NULL),(1359,'C2129','half round khal panching decaration mena chowrah ',2,14,0.01,1,NULL,NULL),(1360,'C2130','half round khal panching decaration mena chowrah ',2,14,0.01,1,NULL,NULL),(1361,'C2136','9MM chowrah khal bowti ',2,10,0.01,1,NULL,NULL),(1362,'C2137','9MM chowrah khal bowti ',2,10,0.01,1,NULL,NULL),(1363,'C2138','9MM chowrah khal panching ',2,11,0.01,1,NULL,NULL),(1364,'C2139','9MM chowrah khal panching ',2,11,0.01,1,NULL,NULL),(1365,'C2140','9MM chowrah panching mena',2,12,0.01,1,NULL,NULL),(1366,'C2141','9MM chowrah panching mena',2,12,0.01,1,NULL,NULL),(1367,'C2142','9MM panching decaration mena',2,13,0.01,1,NULL,NULL),(1368,'C2143','9MM panching decaration mena',2,13,0.01,1,NULL,NULL),(1369,'C2144','10MM chowrah  khal bowti ',2,11,0.01,1,NULL,NULL),(1370,'C2145','10MM chowrah  khal bowti ',2,11,0.01,1,NULL,NULL),(1371,'C2146','10MM chowrah  khal panching',2,12,0.01,1,NULL,NULL),(1372,'C2147','10MM chowrah  khal panching',2,12,0.01,1,NULL,NULL),(1373,'C2148','10MM chowrah panching mena ',2,13,0.01,1,NULL,NULL),(1374,'C2149','10MM chowrah panching mena ',2,13,0.01,1,NULL,NULL),(1375,'C2150','10MM panching decaration  mena ',2,14,0.01,1,NULL,NULL),(1376,'C2151','10MM panching decaration  mena ',2,14,0.01,1,NULL,NULL),(1377,'C2152','11MM chowrah khal bowti ',2,12,0.01,1,NULL,NULL),(1378,'C2153','11MM chowrah khal bowti ',2,12,0.01,1,NULL,NULL),(1379,'C2154','11MM chowrah khal panching ',2,13,0.01,1,NULL,NULL),(1380,'C2155','11MM chowrah khal panching ',2,13,0.01,1,NULL,NULL),(1381,'C2156','11MM chowrah panching mena  ',2,14,0.01,1,NULL,NULL),(1382,'C2157','11MM chowrah panching mena  ',2,14,0.01,1,NULL,NULL),(1383,'C2158','11MM panching decaration mena  ',2,15,0.01,1,NULL,NULL),(1384,'C2159','11MM panching decaration mena  ',2,15,0.01,1,NULL,NULL),(1385,'C2160','12MM chowrah khal bowti ',2,13,0.01,1,NULL,NULL),(1386,'C2161','12MM chowrah khal bowti ',2,13,0.01,1,NULL,NULL),(1387,'C2162','12MM chowrah khal panching ',2,14,0.01,1,NULL,NULL),(1388,'C2163','12MM chowrah khal panching ',2,14,0.01,1,NULL,NULL),(1389,'C2164','12MM chowrah panching mena',2,15,0.01,1,NULL,NULL),(1390,'C2165','12MM chowrah panching mena',2,15,0.01,1,NULL,NULL),(1391,'C2166','12MM panching decaration mena',2,16,0.01,1,NULL,NULL),(1392,'C2167','12MM panching decaration mena',2,16,0.01,1,NULL,NULL),(1393,'C2168','13MM chowrah khal bowti ',2,14,0.01,1,NULL,NULL),(1394,'C2169','13MM chowrah khal bowti ',2,14,0.01,1,NULL,NULL),(1395,'C2170','13MM chowrah khal panching',2,15,0.01,1,NULL,NULL),(1396,'C2171','13MM chowrah khal panching',2,15,0.01,1,NULL,NULL),(1397,'C2172','13MM chowrah panching mena',2,16,0.01,1,NULL,NULL),(1398,'C2174','13MM chowrah panching mena',2,16,0.01,1,NULL,NULL),(1399,'C2175','13MM panching decaration mena',2,17,0.01,1,NULL,NULL),(1400,'C2178','14MM chowrah khal panching ',2,16,0.01,1,NULL,NULL),(1401,'C2179','14MM chowrah khal panching ',2,16,0.01,1,NULL,NULL),(1402,'C2180','14MM chowrah panching mena',2,17,0.01,1,NULL,NULL),(1403,'C2181','14MM chowrah panching mena',2,17,0.01,1,NULL,NULL),(1404,'C2182','14MM panching decaration mena',2,18,0.01,1,NULL,NULL),(1405,'C2183','14MM panching decaration mena',2,18,0.01,1,NULL,NULL),(1406,'C2404','Thokai Churi Plaza',2,7,0.01,1,NULL,NULL),(1407,'C2407','Thokai Churi Plaza',2,7,0.01,1,NULL,NULL),(1408,'C2408','CHURI',2,7,0.01,1,NULL,NULL),(1409,'C2410','Thokai churi',2,8,0.01,1,NULL,NULL),(1410,'C2413','Thokai churi',2,7,0.01,1,NULL,NULL),(1411,'C2416','churi',2,7,0.01,1,NULL,NULL),(1412,'C2417','churi',2,7,0.01,1,NULL,NULL),(1413,'C2418','PLAZA',2,8,0.01,1,NULL,NULL),(1414,'C2419','Thokai Churi',2,7,0.01,1,NULL,NULL),(1415,'C2420','Thokai Churi Plaza',2,7,0.01,1,NULL,NULL),(1416,'C2421','Thokai Churi Plaza',2,7,0.01,1,NULL,NULL),(1417,'C2422','Thokai Churi Plaza',2,7,0.01,1,NULL,NULL),(1418,'C2423','Thokai Churi Plaza',2,7,0.01,1,NULL,NULL),(1419,'C2424','Thokai Churi Plaza',2,7,0.01,1,NULL,NULL),(1420,'C2425','Thokai Churi Plaza',2,7,0.01,1,NULL,NULL),(1421,'C2426','Thokai Churi Plaza',2,7,0.01,1,NULL,NULL),(1422,'C2427','Thokai Churi Plaza',2,7,0.01,1,NULL,NULL),(1423,'C2428','Thokai Churi Plaza',2,7,0.01,1,NULL,NULL),(1424,'C2429','churi',2,8,0.01,1,NULL,NULL),(1425,'C2430','churi',2,7,0.01,1,NULL,NULL),(1426,'C2431','Thokai churi',2,8,0.01,1,NULL,NULL),(1427,'C2432','Thokai churi',2,7,0.01,1,NULL,NULL),(1428,'C2433','Thokai churi',2,7,0.01,1,NULL,NULL),(1429,'C2434','churi',2,7,0.01,1,NULL,NULL),(1430,'C2435','Thokai Churi Bangla',2,7,0.01,1,NULL,NULL),(1431,'C2436','Thokai churi',2,7,0.01,1,NULL,NULL),(1432,'C2437','Thokai Churi Bangla',2,7,0.01,1,NULL,NULL),(1433,'C2438','Thokai churi',2,7,0.01,1,NULL,NULL),(1434,'C2439','Thokai churi',2,7,0.01,1,NULL,NULL),(1435,'C2440','Thokai Churi Bangla',2,7,0.01,1,NULL,NULL),(1436,'C2442','Thokai Churi Bangla',2,7,0.01,1,NULL,NULL),(1437,'C2443','Thokai Churi Bangla',2,7,0.01,1,NULL,NULL),(1438,'C2444','Thokai Churi',2,7,0.01,1,NULL,NULL),(1439,'C2445','Thokai Churi',2,7,0.01,1,NULL,NULL),(1440,'C2446','Thokai churi',2,7,0.01,1,NULL,NULL),(1441,'C2447','Thokai churi',2,7,0.01,1,NULL,NULL),(1442,'C2448','Thokai churi',2,7,0.01,1,NULL,NULL),(1443,'C2449','Thokai Churi Bangla',2,7,0.01,1,NULL,NULL),(1444,'C2451','Thokai Churi Bangla',2,6,0.01,1,NULL,NULL),(1445,'C2452','Thokai Churi Bangla',2,7,0.01,1,NULL,NULL),(1446,'C2453','Thokai churi',2,7,0.01,1,NULL,NULL),(1447,'C2454','Thokai Churi Bangla',2,6,0.01,1,NULL,NULL),(1448,'C2455','churi',2,7,0.01,1,NULL,NULL),(1449,'C2456','Thokai Churi Bangla',2,7,0.01,1,NULL,NULL),(1450,'C2457','Thokai Churi Bangla',2,6,0.01,1,NULL,NULL),(1451,'C2458','Thokai Churi Bangla',2,6,0.01,1,NULL,NULL),(1452,'C2459','Thokai Churi Bangla',2,7,0.01,1,NULL,NULL),(1453,'C2460','Thokai Churi Bangla',2,7,0.01,1,NULL,NULL),(1454,'C2461','Thokai Churi Bangla',2,7,0.01,1,NULL,NULL),(1455,'C2462','Thokai Churi Bangla',2,7,0.01,1,NULL,NULL),(1456,'C2463','Thokai Churi Bangla',2,7,0.01,1,NULL,NULL),(1457,'C2464','Thokai Churi Bangla',2,7,0.01,1,NULL,NULL),(1458,'C2465','Thokai churi',2,7,0.01,1,NULL,NULL),(1459,'C2466','Thokai churi',2,7,0.01,1,NULL,NULL),(1460,'C2467','churi',2,7,0.01,1,NULL,NULL),(1461,'C2468','Thokai Churi Bangla',2,7,0.01,1,NULL,NULL),(1462,'C2469','churi',2,7,0.01,1,NULL,NULL),(1463,'C2470','churi',2,7,0.01,1,NULL,NULL),(1464,'C2471','Thokai churi',2,7,0.01,1,NULL,NULL),(1465,'C2472','Thokai churi',2,7,0.01,1,NULL,NULL),(1466,'C2473','Thokai Churi Bangla',2,7,0.01,1,NULL,NULL),(1467,'C2474','thokai bangla churi',2,7,0.01,1,NULL,NULL),(1468,'C2475','Thokai Churi Bangla',2,7,0.01,1,NULL,NULL),(1469,'C2476','Thokai Churi',2,7,0.01,1,NULL,NULL),(1470,'C2477','churi',2,7,0.01,1,NULL,NULL),(1471,'C2478','Thokai churi',2,7,0.01,1,NULL,NULL),(1472,'C2479','Thokai Churi',2,7,0.01,1,NULL,NULL),(1473,'C2480','Thokai churi',2,7,0.01,1,NULL,NULL),(1474,'C2481','Thokai Churi Bangla',2,8,0.01,1,NULL,NULL),(1475,'C2482','Thokai Churi',2,8,0.01,1,NULL,NULL),(1476,'C2483','Thokai Churi Bangla',2,7,0.01,1,NULL,NULL),(1477,'C2484','Thokai Churi Bangla',2,7,0.01,1,NULL,NULL),(1478,'C2485','Thokai Churi',2,7,0.01,1,NULL,NULL),(1479,'C2487','Thokai Churi Bangla',2,7,0.01,1,NULL,NULL),(1480,'C2489','Thokai Churi',2,7,0.01,1,NULL,NULL),(1481,'C2490','Thokai churi',2,7,0.01,1,NULL,NULL),(1482,'C2491','Thokai Churi Bangla',2,7,0.01,1,NULL,NULL),(1483,'C2492','Thokai churi',2,7,0.01,1,NULL,NULL),(1484,'C2493','Thokai Churi Bangla',2,7,0.01,1,NULL,NULL),(1485,'C2494','Thokai Churi Bangla',2,7,0.01,1,NULL,NULL),(1486,'C2495','churi',2,7,0.01,1,NULL,NULL),(1487,'C2497','Thokai Churi',2,7,0.01,1,NULL,NULL),(1488,'C2498','Thokai Churi',2,7,0.01,1,NULL,NULL),(1489,'C2499','Thokai Churi Bangla',2,7,0.01,1,NULL,NULL),(1490,'C2500','Thokai Churi Bangla',2,7,0.01,1,NULL,NULL),(1491,'C3001','Thokai churi',2,7,0.01,1,NULL,NULL),(1492,'C3002','CHURI',2,8,0.01,1,NULL,NULL),(1493,'C3003','Thokai Churi',2,7,0.01,1,NULL,NULL),(1494,'C3004','churi',2,7,0.01,1,NULL,NULL),(1495,'C3005','Churi',2,7,0.01,1,NULL,NULL),(1496,'C3006','Thokai churi',2,8,0.01,1,NULL,NULL),(1497,'C3008','Thokai churi',2,6,0.01,1,NULL,NULL),(1498,'C3009','Thokai churi',2,7,0.01,1,NULL,NULL),(1499,'C3010','Thokai churi',2,7,0.01,1,NULL,NULL),(1500,'C3011','Thokai churi',2,7,0.01,1,NULL,NULL),(1501,'C3014','Thokai churi',2,7,0.01,1,NULL,NULL),(1502,'C3015','Thokai churi',2,7,0.01,1,NULL,NULL),(1503,'C3016','Thokai churi',2,7,0.01,1,NULL,NULL),(1504,'C3020','Thokai churi Plaza',2,8,0.01,1,NULL,NULL),(1505,'C3021','Thokai Plaza',2,8,0.01,1,NULL,NULL),(1506,'C3022','Thokai Churi',2,8,0.01,1,NULL,NULL),(1507,'C3023','churi',2,7,0.01,1,NULL,NULL),(1508,'C3024','churi',2,7,0.01,1,NULL,NULL),(1509,'C3025','Churi',2,7,0.01,1,NULL,NULL),(1510,'C3026','churi',2,7,0.01,1,NULL,NULL),(1511,'C3027','churi',2,6,0.01,1,NULL,NULL),(1512,'C3028','Thokai Churi',2,8,0.01,1,NULL,NULL),(1513,'C3029','churi',2,7,0.01,1,NULL,NULL),(1514,'C3030','Thokai Plaza churi',2,8,0.01,1,NULL,NULL),(1515,'C3032','churi',2,7,0.01,1,NULL,NULL),(1516,'C3033','Thokai churi',2,8,0.01,1,NULL,NULL),(1517,'C3034','churi',2,7,0.01,1,NULL,NULL),(1518,'C3035','Thokai churi',2,8,0.01,1,NULL,NULL),(1519,'C3036','',2,6,0.01,1,NULL,NULL),(1520,'C3037','Thokai Churi',2,7,0.01,1,NULL,NULL),(1521,'C3038','churi',2,7,0.01,1,NULL,NULL),(1522,'C3039','churi',2,7,0.01,1,NULL,NULL),(1523,'C3040','Thokai churi',2,7,0.01,1,NULL,NULL),(1524,'C3041','Thokai churi',2,9,0.01,1,NULL,NULL),(1525,'C3042','Thokai Churi',2,8,0.01,1,NULL,NULL),(1526,'C3043','CHURI',2,7,0.01,1,NULL,NULL),(1527,'C3044','churi',2,7,0.01,1,NULL,NULL),(1528,'C3046','churi',2,7,0.01,1,NULL,NULL),(1529,'C3047','churi',2,7,0.01,1,NULL,NULL),(1530,'C3049','Thokai churi',2,8,0.01,1,NULL,NULL),(1531,'C3050','churi',2,9,0.01,1,NULL,NULL),(1532,'C3051','Thokai churi',2,9,0.01,1,NULL,NULL),(1533,'C3052','churi',2,9,0.01,1,NULL,NULL),(1534,'C3053','Thokai churi',2,9,0.01,1,NULL,NULL),(1535,'C3054','Thokai churi',2,8,0.01,1,NULL,NULL),(1536,'C3056','Thokai churi',2,6,0.01,1,NULL,NULL),(1537,'C3057','Thokai churi',2,8,0.01,1,NULL,NULL),(1538,'C3059','Thokai churi',2,9,0.01,1,NULL,NULL),(1539,'C3060','Thokai churi',2,8,0.01,1,NULL,NULL),(1540,'C3061','Thokai Churi',2,8,0.01,1,NULL,NULL),(1541,'C3062','Thokai churi',2,7,0.01,1,NULL,NULL),(1542,'C3063','Thokai Churi',2,7,0.01,1,NULL,NULL),(1543,'C3064','Thokai churi',2,7,0.01,1,NULL,NULL),(1544,'C3065','Thokai churi',2,7,0.01,1,NULL,NULL),(1545,'C3066','Thokai Joypuri Churi',2,8,0.01,1,NULL,NULL),(1546,'C3067','Thokai Joypuri Churi',2,7,0.01,1,NULL,NULL),(1547,'C3068','Thokai Joypuri plaza Churi',2,8,0.01,1,NULL,NULL),(1548,'C3069','churi',2,8,0.01,1,NULL,NULL),(1549,'C3070','churi',2,8,0.01,1,NULL,NULL),(1550,'C3071','churi',2,8,0.01,1,NULL,NULL),(1551,'C3072','Thokai Joypuri plaza Churi',2,8,0.01,1,NULL,NULL),(1552,'C3077','Thokai Churi Plaza',2,8,0.01,1,NULL,NULL),(1553,'C3078','PLAZA',2,8,0.01,1,NULL,NULL),(1554,'C3079','PLAZA',2,8,0.01,1,NULL,NULL),(1555,'C3080','Thokai Plaza',2,9,0.01,1,NULL,NULL),(1556,'C3081','THOKAI PLAZA',2,9,0.01,1,NULL,NULL),(1557,'C3082','THOKAI CHURI',2,9,0.01,1,NULL,NULL),(1558,'C3083','THOKAI CHURI',2,9,0.01,1,NULL,NULL),(1559,'C3084','THOKAI PLAZA',2,9,0.01,1,NULL,NULL),(1560,'C3085','THOKAI PLAZA',2,9,0.01,1,NULL,NULL),(1561,'C3086','Thokai Plaza',2,9,0.01,1,NULL,NULL),(1562,'C3089','New Model',2,8,0.01,1,NULL,NULL),(1563,'C4001','curi',2,7,0.01,1,NULL,NULL),(1564,'C4002','CHURI',2,7,0.01,1,NULL,NULL),(1565,'C4003','CHURI',2,7,0.01,1,NULL,NULL),(1566,'C4004','CHURI',2,7,0.01,1,NULL,NULL),(1567,'C4005','CHURI',2,7,0.01,1,NULL,NULL),(1568,'C4008','CHURI',2,8,0.01,1,NULL,NULL),(1569,'I3101','THAKAI CHURI',2,7,0.01,1,NULL,NULL),(1570,'I3102','churi',2,7,0.01,1,NULL,NULL),(1571,'I3103','churi',2,7,0.01,1,NULL,NULL),(1572,'I3104','churi',2,8,0.01,1,NULL,NULL),(1573,'I3105','churi',2,7,0.01,1,NULL,NULL),(1574,'I3106','churi',2,7,0.01,1,NULL,NULL),(1575,'L0029','BALA',2,24,0.01,1,NULL,NULL),(1576,'L0030','BALA',2,24,0.01,1,NULL,NULL),(1577,'L0031','BALA',2,24,0.01,1,NULL,NULL),(1578,'M0268','MINA',2,8,0.01,1,NULL,NULL),(1579,'M0269','Thokai dd mena churi majhari',2,9,0.01,1,NULL,NULL),(1580,'M0300','MINA CHURI',2,8,0.01,1,NULL,NULL),(1581,'M0462','Flat Panching Mina Churi Majhri ',2,15,0.01,1,NULL,NULL),(1582,'M0467','flat panching mena churi maghri ',2,15,0.01,1,NULL,NULL),(1583,'M0488','flat panching mena churi chowrah',2,17,0.01,1,NULL,NULL),(1584,'M0571','tashir panchin gmena churi soru',2,14,0.01,1,NULL,NULL),(1585,'M0656','mechine chela panching mini bowti',2,14,0.01,1,NULL,NULL),(1586,'N6001','NOA',2,6,0.01,1,NULL,NULL),(1587,'N6002','NOA',2,6,0.01,1,NULL,NULL),(1588,'N6003','NOA',2,6,0.01,1,NULL,NULL),(1589,'N6004','NOA',2,6,0.01,1,NULL,NULL),(1590,'N6005','Noa',2,6,0.01,1,NULL,NULL),(1591,'N6006','NOA',2,6,0.01,1,NULL,NULL),(1592,'N6007','NOA',2,6,0.01,1,NULL,NULL),(1593,'N6008','NOA',2,6,0.01,1,NULL,NULL),(1594,'N6009','NOA',2,6,0.01,1,NULL,NULL),(1595,'N6010','NOA',2,6,0.01,1,NULL,NULL),(1596,'N6011','NOA',2,6,0.01,1,NULL,NULL),(1597,'N6012','NOA',2,6,0.01,1,NULL,NULL),(1598,'N6013','NOA',2,6,0.01,1,NULL,NULL),(1599,'N6014','NOA',2,6,0.01,1,NULL,NULL),(1600,'N6015','NOA',2,6,0.01,1,NULL,NULL),(1601,'N6016','NOA',2,6,0.01,1,NULL,NULL),(1602,'N6017','NOA',2,6,0.01,1,NULL,NULL),(1603,'N6018','NOA',2,6,0.01,1,NULL,NULL),(1604,'N6019','NOA',2,6,0.01,1,NULL,NULL),(1605,'N6020','NOA',2,6,0.01,1,NULL,NULL),(1606,'N6021','NOA',2,6,0.01,1,NULL,NULL),(1607,'N6022','NOA',2,6,0.01,1,NULL,NULL),(1608,'N6023','NOA',2,6,0.01,1,NULL,NULL),(1609,'N6024','NOA',2,6,0.01,1,NULL,NULL),(1610,'N6025','NOA',2,6,0.01,1,NULL,NULL),(1611,'N6026','NOA',2,6,0.01,1,NULL,NULL),(1612,'N6027','NOA',2,6,0.01,1,NULL,NULL),(1613,'N6038','BANGALE',2,6,0.01,1,NULL,NULL),(1614,'N6040','bangale',2,6,0.01,1,NULL,NULL),(1615,'T3101','thokai churi',2,7,0.01,1,NULL,NULL),(1616,'T3107','THOKAI CHURI',2,7,0.01,1,NULL,NULL),(1617,'T3108','THOKAI CHURI',2,7,0.01,1,NULL,NULL),(1618,'T3109','THOKAI CHURI',2,7,0.01,1,NULL,NULL),(1619,'T3110','THOKAI CHURI',2,7,0.01,1,NULL,NULL),(1620,'T3111','THOKAI CHURI',2,7,0.01,1,NULL,NULL),(1621,'T3113','Thokai Churi',2,7,0.01,1,NULL,NULL),(1622,'T3114','CHURI',2,7,0.01,1,NULL,NULL),(1623,'T3115','CHURI',2,7,0.01,1,NULL,NULL),(1624,'T3116','CHURI',2,7,0.01,1,NULL,NULL),(1625,'T3117','CHURI',2,7,0.01,1,NULL,NULL),(1626,'T3118','CHURI',2,7,0.01,1,NULL,NULL),(1627,'T3119','CHURI',2,7,0.01,1,NULL,NULL),(1628,'T3120','CHURI',2,8,0.01,1,NULL,NULL),(1629,'T3121','CHURI',2,8,0.01,1,NULL,NULL),(1630,'T3122','CHURI',2,7,0.01,1,NULL,NULL),(1631,'T3123','CHURI',2,7,0.01,1,NULL,NULL),(1632,'T3136','THOKAI CHURI',2,8,0.01,1,NULL,NULL),(1633,'T3137','THOKAI',2,8,0.01,1,NULL,NULL),(1634,'T3138','THOKAI',2,8,0.01,1,NULL,NULL),(1635,'T3139','THOKAI',2,7,0.01,1,NULL,NULL),(1636,'T4907','churi',2,7,0.01,1,NULL,NULL),(1637,'T4916','churi',2,7,0.01,1,NULL,NULL),(1638,'T4917','Churi',2,7,0.01,1,NULL,NULL),(1639,'T4926','churi',2,7,0.01,1,NULL,NULL),(1640,'T4929','churi',2,7,0.01,1,NULL,NULL),(1641,'T4930','churi',2,8,0.01,1,NULL,NULL),(1642,'T4931','churi',2,7,0.01,1,NULL,NULL),(1643,'T4932','Thokai Churi',2,7,0.01,1,NULL,NULL),(1644,'T4933','churi',2,8,0.01,1,NULL,NULL),(1645,'T4934','Churi',2,8,0.01,1,NULL,NULL),(1646,'T4935','churi',2,7,0.01,1,NULL,NULL),(1647,'T4936','churi',2,7,0.01,1,NULL,NULL),(1648,'T4937','Thokai Churi',2,7,0.01,1,NULL,NULL),(1649,'T4938','churi',2,7,0.01,1,NULL,NULL),(1650,'T4939','Thokai Churi',2,7,0.01,1,NULL,NULL),(1651,'T4940','Thokai Churi',2,7,0.01,1,NULL,NULL),(1652,'T4941','Thokai Churi',2,7,0.01,1,NULL,NULL),(1653,'T4942','Thokai Churi',2,7,0.01,1,NULL,NULL),(1654,'T4943','Thokai Churi',2,7,0.01,1,NULL,NULL),(1655,'T4944','Thokai Churi',2,7,0.01,1,NULL,NULL),(1656,'T4945','Thokai Churi',2,7,0.01,1,NULL,NULL),(1657,'T4946','Thokai Churi',2,7,0.01,1,NULL,NULL),(1658,'T4947','Thokai Churi',2,7,0.01,1,NULL,NULL),(1659,'T4948','THOKAI  CHURI',2,8,0.01,1,NULL,NULL),(1660,'T4949','Thokai Churi',2,7,0.01,1,NULL,NULL),(1661,'T4951','churi',2,7,0.01,1,NULL,NULL),(1662,'T4952','Thokai Churi',2,7,0.01,1,NULL,NULL),(1663,'T4953','Thokai Churi',2,7,0.01,1,NULL,NULL),(1664,'T4954','THOKAI CHURI',2,7,0.01,1,NULL,NULL),(1665,'T4956','Thokai Churi',2,7,0.01,1,NULL,NULL),(1666,'T4957','Thokai Churi',2,7,0.01,1,NULL,NULL),(1667,'T4958','THOKAI CHURI',2,7,0.01,1,NULL,NULL),(1668,'T4959','thokai Churi',2,7,0.01,1,NULL,NULL),(1669,'T4960','Thokai Churi',2,7,0.01,1,NULL,NULL),(1670,'T4961','Thokai Churi',2,8,0.01,1,NULL,NULL),(1671,'T4962','Thokai Churi',2,8,0.01,1,NULL,NULL),(1672,'T4963','Thokai Churi',2,8,0.01,1,NULL,NULL),(1673,'T4964','Thokai Churi',2,8,0.01,1,NULL,NULL),(1674,'T4965','Thokai Churi',2,8,0.01,1,NULL,NULL),(1675,'T4966','Thokai Churi',2,8,0.01,1,NULL,NULL),(1676,'T4967','Thokai Churi',2,8,0.01,1,NULL,NULL),(1677,'T4968','Thokai Churi',2,8,0.01,1,NULL,NULL),(1678,'T4972','THOKAI CHURI',2,8,0.01,1,NULL,NULL),(1679,'T4973','THOKAI CHURI',2,7,0.01,1,NULL,NULL),(1680,'T4974','THOKAI CHURI',2,7,0.01,1,NULL,NULL),(1681,'T4975','Thokai Churi',2,7,0.01,1,NULL,NULL),(1682,'T4976','THOKAI CHURI',2,7,0.01,1,NULL,NULL),(1683,'T4977','Thokai Churi',2,7,0.01,1,NULL,NULL),(1684,'T4978','Thokai Churi',2,7,0.01,1,NULL,NULL),(1685,'T4979','churi',2,7,0.01,1,NULL,NULL),(1686,'T4980','churi',2,7,0.01,1,NULL,NULL),(1687,'T4981','churi',2,7,0.01,1,NULL,NULL),(1688,'T4990','New Model',2,8,0.01,1,NULL,NULL),(1689,'T4992','THOKAI CHURI',2,7,0.01,1,NULL,NULL),(1690,'T4993','THOKAI CHURI',2,7,0.01,1,NULL,NULL),(1691,'T4994','THOKAI CHURI',2,7,0.01,1,NULL,NULL),(1692,'T4995','THOKAI CHURI',2,7,0.01,1,NULL,NULL),(1693,'T4996','THOKAI CHURI',2,8,0.01,1,NULL,NULL),(1694,'T4997','THOKAI CHURI',2,8,0.01,1,NULL,NULL),(1695,'X0002','Thokai Bangla Churi Soru ',2,7,0.01,1,NULL,NULL),(1696,'X0033','Thokai Bangla Churi Soru ',2,9,0.01,1,NULL,NULL),(1697,'X0040','Thokai bangla churi majhari',2,8,0.01,1,NULL,NULL),(1698,'X0051','Thokai bangal churi majhari',2,8,0.01,1,NULL,NULL),(1699,'X0070','Thokai bangal churi majhari',2,9,0.01,1,NULL,NULL),(1700,'X0088','Thokai Churi',2,8,0.01,1,NULL,NULL),(1701,'X0097','BOTHSIDE Thokai churi',2,12,0.01,1,NULL,NULL),(1702,'X0100','FLAT CHURI',2,9,0.01,1,NULL,NULL),(1703,'X0112','Machain chela khal bouty',2,14,0.01,1,NULL,NULL),(1704,'X0170','Machin chala flat churi chowrah',2,10,0.01,1,NULL,NULL),(1705,'X0196','Both Machin chala flat mena churi chowrah',2,10,0.01,1,NULL,NULL),(1706,'X0219','BOTH SIDE',2,9,0.01,1,NULL,NULL),(1707,'X0242','PLAZA BOTH SIDE',2,9,0.01,1,NULL,NULL),(1708,'X0248','thokai dd churi  maghari',2,9,0.01,1,NULL,NULL),(1709,'X0257','PLAZA',2,9,0.01,1,NULL,NULL),(1710,'X0271','thokai dd churi chowrah',2,10,0.01,1,NULL,NULL),(1711,'X0278','DD PLAZA',2,9,0.01,1,NULL,NULL),(1712,'X0287','New Model',2,9,0.01,1,NULL,NULL),(1713,'X0293','PLAZA BOTH SIDE',2,9,0.01,1,NULL,NULL),(1714,'X0299','D.D CHURI',2,10,0.01,1,NULL,NULL),(1715,'X0324','CHURI',2,9,0.01,1,NULL,NULL),(1716,'X0336','Thokai joypuri churi maghari',2,9,0.01,1,NULL,NULL),(1717,'X0339','Thokai joypuri churi maghari',2,9,0.01,1,NULL,NULL),(1718,'X0346','both side thokai churi',2,9,0.01,1,NULL,NULL),(1719,'X0378','Thokai joypuri  churi chowrah',2,9,0.01,1,NULL,NULL),(1720,'X0436','FLAT CHURI',2,15,0.01,1,NULL,NULL),(1721,'X0861','CHURI',2,9,0.01,1,NULL,NULL),(1722,'X0868','churi',2,11,0.01,1,NULL,NULL),(1723,'X1000','sample',2,9,0.01,1,NULL,NULL),(1724,'X1421','3pol  khal panching churi soru',2,9,0.01,1,NULL,NULL),(1725,'X1430','CHURI',2,8,0.01,1,NULL,NULL),(1726,'X1502','1 tarar baki churi',2,8,0.01,1,NULL,NULL),(1727,'X1504','1 tarar baki churi',2,10,0.01,1,NULL,NULL),(1728,'X1514','1 tarar mena baki churi',2,8,0.01,1,NULL,NULL),(1729,'X1516','BOTH SIDE BEKI',2,15,0.01,1,NULL,NULL),(1730,'X1532','3 tarar baki churi',2,15,0.01,1,NULL,NULL),(1731,'X1549','2 tarar mena baki churi',2,15,0.01,1,NULL,NULL),(1732,'X1564','3 tarar baki churi',2,17,0.01,1,NULL,NULL),(1733,'X1566','BANKI',2,18,0.01,1,NULL,NULL),(1734,'X1567','BANKI',2,18,0.01,1,NULL,NULL),(1735,'X1591','Bekey Churi',2,15,0.01,1,NULL,NULL),(1736,'X1592','CHURI',2,14,0.01,1,NULL,NULL),(1737,'X1593','BANKI',2,16,0.01,1,NULL,NULL),(1738,'X1599','CHURI',2,20,0.01,1,NULL,NULL),(1739,'X1679','panjabi bala taser ',2,15,0.01,1,NULL,NULL),(1740,'X1699','Khal Bala',2,16,0.01,1,NULL,NULL),(1741,'X1701','THOKAI CHURI',2,8,0.01,1,NULL,NULL),(1742,'X1735','CHURI',2,9,0.01,1,NULL,NULL),(1743,'X1752','CHURI',2,9,0.01,1,NULL,NULL),(1744,'X1788','churi',2,9,0.01,1,NULL,NULL),(1745,'X2429','churi',2,10,0.01,1,NULL,NULL),(1746,'X2487','Thokai Churi Bangla',2,8,0.01,1,NULL,NULL),(1747,'X3026','churi',2,8,0.01,1,NULL,NULL),(1748,'X3053','Thokai churi',2,10,0.01,1,NULL,NULL),(1749,'X3082','THOKAI CHURI',2,10,0.01,1,NULL,NULL),(1750,'X3084','THOKAI PLAZA',2,10,0.01,1,NULL,NULL),(1751,'X3103','THOKAI CHURI',2,8,0.01,1,NULL,NULL),(1752,'X3104','Bothside churi',2,9,0.01,1,NULL,NULL),(1753,'X3111','THOKAI CHURI',2,8,0.01,1,NULL,NULL),(1754,'X3113','Thokai Churi',2,8,0.01,1,NULL,NULL),(1755,'X3115','CHURI',2,8,0.01,1,NULL,NULL),(1756,'X4003','CHURI',2,8,0.01,1,NULL,NULL),(1757,'X4006','PLAZA',2,9,0.01,1,NULL,NULL),(1758,'X4913','CHURI',2,9,0.01,1,NULL,NULL),(1759,'X4938','churi',2,8,0.01,1,NULL,NULL),(1760,'X4947','Thokai churi',2,8,0.01,1,NULL,NULL),(1761,'X4965','CHURI',2,9,0.01,1,NULL,NULL),(1762,'X7021','baby ',2,15,0.01,1,NULL,NULL),(1763,'S0088','Solid Churi',3,1,0.01,1,NULL,NULL),(1764,'S8001','Solid Churi',3,5,0.01,1,NULL,NULL),(1765,'S8002','Solid Churi',3,6,0.01,1,NULL,NULL),(1766,'S8003','Solid Churi',3,7,0.01,1,NULL,NULL),(1767,'S8004','Solid Churi',3,5,0.01,1,NULL,NULL),(1768,'S8005','Solid Churi',3,6,0.01,1,NULL,NULL),(1769,'S8007','Solid Churi',3,7,0.01,1,NULL,NULL),(1770,'S8009','Solid Churi',3,6,0.01,1,NULL,NULL),(1771,'S8010','Solid Churi',3,7,0.01,1,NULL,NULL),(1772,'S8011','Solid Churi',3,4,0.01,1,NULL,NULL),(1773,'S8012','Solid Churi',3,7,0.01,1,NULL,NULL),(1774,'S8013','Solid Churi',3,7,0.01,1,NULL,NULL),(1775,'S8014','Solid Churi',3,7,0.01,1,NULL,NULL),(1776,'S8015','Solid Churi',3,5,0.01,1,NULL,NULL),(1777,'S8016','Solid Churi',3,10,0.01,1,NULL,NULL),(1778,'S8017','Solid Churi',3,10,0.01,1,NULL,NULL),(1779,'S8018','Solid Churi',3,7,0.01,1,NULL,NULL),(1780,'S8019','Solid Churi',3,10,0.01,1,NULL,NULL),(1781,'S8020','Solid Churi',3,8,0.01,1,NULL,NULL),(1782,'S8021','Solid Churi',3,8,0.01,1,NULL,NULL),(1783,'S8022','Solid Churi',3,8,0.01,1,NULL,NULL),(1784,'S8023','Solid Churi',3,8,0.01,1,NULL,NULL),(1785,'S8024','Solid Churi',3,8,0.01,1,NULL,NULL),(1786,'S8025','Solid Churi',3,5,0.01,1,NULL,NULL),(1787,'S8026','Solid Churi',3,7,0.01,1,NULL,NULL),(1788,'S8027','Solid Churi',3,9,0.01,1,NULL,NULL),(1789,'S8029','Solid Churi',3,8,0.01,1,NULL,NULL),(1790,'S8031','Solid Churi',3,5,0.01,1,NULL,NULL),(1791,'S8032','Solid Churi',3,7,0.01,1,NULL,NULL),(1792,'S8034','Solid Churi',3,7,0.01,1,NULL,NULL),(1793,'S8035','Solid Churi',3,7,0.01,1,NULL,NULL),(1794,'C0799','Thokai dd mena patla chowrah',4,17,0.01,1,NULL,NULL),(1795,'C2384','mina patla',4,14,0.01,1,NULL,NULL),(1796,'C2394','PATLA',4,13,0.01,1,NULL,NULL),(1797,'C2395','patla',4,15,0.01,1,NULL,NULL),(1798,'M0716','Mina Thokai patla',4,14,0.01,1,NULL,NULL),(1799,'M0717','Mina Thokai patla',4,14,0.01,1,NULL,NULL),(1800,'M0718','Mina thokai Patla ',4,14,0.01,1,NULL,NULL),(1801,'M0719','Mina Thokai patla',4,14,0.01,1,NULL,NULL),(1802,'M0727','Mina Thokai patla',4,15,0.01,1,NULL,NULL),(1803,'M0728','Thokai bangala patla mena chowrah',4,15,0.01,1,NULL,NULL),(1804,'M0729','Mina Thokai patla',4,15,0.01,1,NULL,NULL),(1805,'M0741','Mina Thokai patla',4,14,0.01,1,NULL,NULL),(1806,'M0752','Thokai joypuri mena patla maghari',4,14,0.01,1,NULL,NULL),(1807,'M0753','Thokai joypuri mena patla maghari',4,14,0.01,1,NULL,NULL),(1808,'M0754','Thokai joypuri mena patla maghari',4,14,0.01,1,NULL,NULL),(1809,'M0761','Thokai joypuri mena patla maghari',4,15,0.01,1,NULL,NULL),(1810,'M0762','Thokai joypuri mena patla chowrah',4,15,0.01,1,NULL,NULL),(1811,'M0765','Thokai joypuri mena patla chowrah',4,15,0.01,1,NULL,NULL),(1812,'M0776','Thokai dd mena patla soru',4,15,0.01,1,NULL,NULL),(1813,'M0786','Mina Thokai patla',4,16,0.01,1,NULL,NULL),(1814,'M0787','Thokai dd mena patla soru',4,16,0.01,1,NULL,NULL),(1815,'M0788','Thokai joypuri mena patla maghari',4,16,0.01,1,NULL,NULL),(1816,'M0790','Mina Thokai patla',4,13,0.01,1,NULL,NULL),(1817,'M0796','Mina Thokai patla',4,17,0.01,1,NULL,NULL),(1818,'M0797','Thokai dd mena patla chowrah',4,17,0.01,1,NULL,NULL),(1819,'M0798','Thokai dd mena patla chowrah',4,17,0.01,1,NULL,NULL),(1820,'M0851','Thokai Chowra Patla',4,24,0.01,1,NULL,NULL),(1821,'M0852','Thokai Chowra Patla',4,24,0.01,1,NULL,NULL),(1822,'M0853','Mina Patla',4,24,0.01,1,NULL,NULL),(1823,'M2400','MINA PATLA',4,14,0.01,1,NULL,NULL),(1824,'C0088','Thokai Churi',5,6,0.01,1,NULL,NULL),(1825,'C0783','Thokai dd  patla maghari',5,15,0.01,1,NULL,NULL),(1826,'C0784','Thokai dd  patla maghari',5,15,0.01,1,NULL,NULL),(1827,'C0785','Thokai dd  patla maghari',5,15,0.01,1,NULL,NULL),(1828,'C1734','Thokai Churi',5,7,0.01,1,NULL,NULL),(1829,'C1739','thokai churi',5,7,0.01,1,NULL,NULL),(1830,'C1740','thokai churi',5,7,0.01,1,NULL,NULL),(1831,'C1742','Churi',5,7,0.01,1,NULL,NULL),(1832,'C1746','thokai churi',5,11,0.01,1,NULL,NULL),(1833,'C1748','thokai churi',5,11,0.01,1,NULL,NULL),(1834,'C1749','Thokai Churi',5,11,0.01,1,NULL,NULL),(1835,'C1750','THOKAI CHURI',5,8,0.01,1,NULL,NULL),(1836,'C1751','Thokai Churi',5,9,0.01,1,NULL,NULL),(1837,'C1752','Thokai Churi',5,8,0.01,1,NULL,NULL),(1838,'C1754','churi',5,7,0.01,1,NULL,NULL),(1839,'C1755','THOKAI CHURI',5,8,0.01,1,NULL,NULL),(1840,'C1756','Thokai Churi',5,8,0.01,1,NULL,NULL),(1841,'C1757','thokai churi',5,7,0.01,1,NULL,NULL),(1842,'C1758','THOKAI CHURI',5,9,0.01,1,NULL,NULL),(1843,'C1759','Thokai Churi',5,7,0.01,1,NULL,NULL),(1844,'C1760','Thokai Churi',5,7,0.01,1,NULL,NULL),(1845,'C1761','Thokai Churi',5,7,0.01,1,NULL,NULL),(1846,'C1769','thokai churi',5,11,0.01,1,NULL,NULL),(1847,'C1770','churi',5,7,0.01,1,NULL,NULL),(1848,'C1771','TKOKAI CHURI',5,9,0.01,1,NULL,NULL),(1849,'C1773','thokai churi',5,8,0.01,1,NULL,NULL),(1850,'C1774','Thokai Churi',5,7,0.01,1,NULL,NULL),(1851,'C1779','Thokai Churi',5,7,0.01,1,NULL,NULL),(1852,'C1780','Thokai Churi',5,7,0.01,1,NULL,NULL),(1853,'C1784','thokai churi',5,7,0.01,1,NULL,NULL),(1854,'C2368','PATLA',5,12,0.01,1,NULL,NULL),(1855,'C2403','Thokai Churi',5,7,0.01,1,NULL,NULL),(1856,'C2406','Thokai Churi',5,7,0.01,1,NULL,NULL),(1857,'C2409','Thokai churi',5,8,0.01,1,NULL,NULL),(1858,'C2415','Thokai Churi',5,7,0.01,1,NULL,NULL),(1859,'C2441','Thokai Churi',5,7,0.01,1,NULL,NULL),(1860,'C2450','Thokai Churi',5,7,0.01,1,NULL,NULL),(1861,'C2486','Thokai Churi',5,7,0.01,1,NULL,NULL),(1862,'C2488','Thokai Churi',5,7,0.01,1,NULL,NULL),(1863,'C2496','Thokai Churi',5,7,0.01,1,NULL,NULL),(1864,'C3018','Thokai Churi',5,6,0.01,1,NULL,NULL),(1865,'C3031','Thokai Churi',5,7,0.01,1,NULL,NULL),(1866,'C3055','Thokai Churi',5,7,0.01,1,NULL,NULL),(1867,'C3073','Thokai Churi',5,8,0.01,1,NULL,NULL),(1868,'C3074','Thokai Churi',5,8,0.01,1,NULL,NULL),(1869,'C3075','Thokai Churi',5,8,0.01,1,NULL,NULL),(1870,'C3076','Thokai Churi',5,8,0.01,1,NULL,NULL),(1871,'C4006','PLAZA',5,8,0.01,1,NULL,NULL),(1872,'C4007','CHURI',5,8,0.01,1,NULL,NULL),(1873,'C4009','CHURI',5,8,0.01,1,NULL,NULL),(1874,'P111','PALA',5,15,0.01,1,NULL,NULL),(1875,'P112','PALA',5,15,0.01,1,NULL,NULL),(1876,'P113','PALA',5,15,0.01,1,NULL,NULL),(1877,'P114','PALA',5,15,0.01,1,NULL,NULL),(1878,'P115','PALA',5,15,0.01,1,NULL,NULL),(1879,'P116','Pala',5,15,0.01,1,NULL,NULL),(1880,'P117','Pala',5,15,0.01,1,NULL,NULL),(1881,'P118','PALA',5,15,0.01,1,NULL,NULL),(1882,'P119','PALA',5,15,0.01,1,NULL,NULL),(1883,'P120','PALA',5,15,0.01,1,NULL,NULL),(1884,'P121','PALA',5,15,0.01,1,NULL,NULL),(1885,'P122','PALA',5,15,0.01,1,NULL,NULL),(1886,'P123','PALA',5,15,0.01,1,NULL,NULL),(1887,'P124','PALA',5,15,0.01,1,NULL,NULL),(1888,'P125','PALA',5,15,0.01,1,NULL,NULL),(1889,'T3102','THOKAI CHURI',5,7,0.01,1,NULL,NULL),(1890,'T3103','THOKAI CHURI',5,7,0.01,1,NULL,NULL),(1891,'T3104','THOKAI CHURI',5,8,0.01,1,NULL,NULL),(1892,'T3105','THOKAI CHURI',5,7,0.01,1,NULL,NULL),(1893,'T3106','THOKAI CHURI',5,7,0.01,1,NULL,NULL),(1894,'T3112','New Model',5,7,0.01,1,NULL,NULL),(1895,'T3124','THOKAI CHURI',5,7,0.01,1,NULL,NULL),(1896,'T3125','CHURI',5,7,0.01,1,NULL,NULL),(1897,'T3126','CHURI',5,7,0.01,1,NULL,NULL),(1898,'T3129','churi',5,8,0.01,1,NULL,NULL),(1899,'T3130','churi',5,7,0.01,1,NULL,NULL),(1900,'T3131','churi',5,7,0.01,1,NULL,NULL),(1901,'T3132','churi',5,7,0.01,1,NULL,NULL),(1902,'T3133','churi',5,7,0.01,1,NULL,NULL),(1903,'T3134','churi',5,8,0.01,1,NULL,NULL),(1904,'T3135','churi',5,7,0.01,1,NULL,NULL),(1905,'T3140','churi',5,8,0.01,1,NULL,NULL),(1906,'T3141','churi',5,7,0.01,1,NULL,NULL),(1907,'T3142','churi',5,7,0.01,1,NULL,NULL),(1908,'T3143','churi',5,7,0.01,1,NULL,NULL),(1909,'T3144','churi',5,7,0.01,1,NULL,NULL),(1910,'T4901','Thokai Churi',5,7,0.01,1,NULL,NULL),(1911,'T4902','Thokai Churi',5,7,0.01,1,NULL,NULL),(1912,'T4903','Thokai Churi',5,8,0.01,1,NULL,NULL),(1913,'T4904','Thokai Churi',5,7,0.01,1,NULL,NULL),(1914,'T4905','Thokai Churi',5,7,0.01,1,NULL,NULL),(1915,'T4906','Thokai Churi',5,7,0.01,1,NULL,NULL),(1916,'T4908','Thokai Churi',5,7,0.01,1,NULL,NULL),(1917,'T4909','Thokai Churi',5,7,0.01,1,NULL,NULL),(1918,'T4910','Thokai Churi',5,7,0.01,1,NULL,NULL),(1919,'T4911','Thokai Churi',5,7,0.01,1,NULL,NULL),(1920,'T4912','Thokai Churi',5,7,0.01,1,NULL,NULL),(1921,'T4913','Thokai Churi',5,7,0.01,1,NULL,NULL),(1922,'T4914','Thokai Churi',5,7,0.01,1,NULL,NULL),(1923,'T4915','Thokai Churi',5,7,0.01,1,NULL,NULL),(1924,'T4918','Thokai Churi',5,7,0.01,1,NULL,NULL),(1925,'T4919','Thokai Churi',5,7,0.01,1,NULL,NULL),(1926,'T4920','Thokai Churi',5,7,0.01,1,NULL,NULL),(1927,'T4921','Thokai Churi',5,7,0.01,1,NULL,NULL),(1928,'T4922','Thokai Churi',5,7,0.01,1,NULL,NULL),(1929,'T4923','Thokai Churi',5,7,0.01,1,NULL,NULL),(1930,'T4924','Thokai Churi',5,7,0.01,1,NULL,NULL),(1931,'T4925','Thokai Churi',5,7,0.01,1,NULL,NULL),(1932,'T4927','THOKAI CHURI',5,7,0.01,1,NULL,NULL),(1933,'T4971','Thokai Churi',5,7,0.01,1,NULL,NULL),(1934,'T4982','Thokai Churi',5,7,0.01,1,NULL,NULL),(1935,'T4983','Thokai Churi',5,8,0.01,1,NULL,NULL),(1936,'T4984','Thokai Churi',5,7,0.01,1,NULL,NULL),(1937,'T4985','Thokai Churi',5,7,0.01,1,NULL,NULL),(1938,'T4987','thokai churi',5,11,0.01,1,NULL,NULL),(1939,'X0338','THOKAI PLAZA',5,10,0.01,1,NULL,NULL),(1940,'X1427','THOKAI CHURI',5,8,0.01,1,NULL,NULL),(1941,'X4987','Thokai churi',5,12,0.01,1,NULL,NULL),(1942,'C0697','Thokai Mini Bouty',6,12,0.01,1,NULL,NULL),(1943,'C0699','Thokai Bouty',6,13,0.01,1,NULL,NULL),(1944,'C0882','Thokai bangal mena churi chowrah',6,15,0.01,1,NULL,NULL),(1945,'C0901','Thokai bangala bowti soru',6,12,0.01,1,NULL,NULL),(1946,'C0902','Thokai bangala bowti soru',6,12,0.01,1,NULL,NULL),(1947,'C0903','Thokai bangala bowti soru',6,12,0.01,1,NULL,NULL),(1948,'C0904','Thokai bangala bowti soru',6,12,0.01,1,NULL,NULL),(1949,'C0905','Bouty',6,13,0.01,1,NULL,NULL),(1950,'C0906','Thokai bangala bowti mena soru',6,13,0.01,1,NULL,NULL),(1951,'C0907','Thokai bangala bowti mena soru',6,13,0.01,1,NULL,NULL),(1952,'C0908','Thokai bangala bowti mena soru',6,13,0.01,1,NULL,NULL),(1953,'C0909','Thokai bangala bowti mena soru',6,13,0.01,1,NULL,NULL),(1954,'C0910','Thokai bangala bowti mena soru',6,13,0.01,1,NULL,NULL),(1955,'C0911','Thokai bangala bowti  maghri',6,13,0.01,1,NULL,NULL),(1956,'C0912','Thokai bangala bowti  maghri',6,13,0.01,1,NULL,NULL),(1957,'C0913','Thokai bangala bowti  maghri',6,13,0.01,1,NULL,NULL),(1958,'C0914','Thokai bangala bowti  maghri',6,13,0.01,1,NULL,NULL),(1959,'C0915','Thokai bangala bowti  maghri',6,13,0.01,1,NULL,NULL),(1960,'C0917','Thokai bangala bowti  mena maghri',6,14,0.01,1,NULL,NULL),(1961,'C0918','Thokai bangala bowti  mena maghri',6,14,0.01,1,NULL,NULL),(1962,'C0920','Thokai bangala bowti  mena maghri',6,14,0.01,1,NULL,NULL),(1963,'C0921','Thokai bangala bowti chowrah',6,14,0.01,1,NULL,NULL),(1964,'C0922','Thokai bangala bowti chowrah',6,14,0.01,1,NULL,NULL),(1965,'C0923','Thokai bangala bowti chowrah',6,14,0.01,1,NULL,NULL),(1966,'C0924','Thokai bangala bowti chowrah',6,14,0.01,1,NULL,NULL),(1967,'C0925','Thokai bangala bowti chowrah',6,14,0.01,1,NULL,NULL),(1968,'C0926','Thokai bangala bowti mena chowrah',6,15,0.01,1,NULL,NULL),(1969,'C0928','Thokai bangala bowti mena chowrah',6,13,0.01,1,NULL,NULL),(1970,'C0929','Thokai bangala bowti mena chowrah',6,14,0.01,1,NULL,NULL),(1971,'C0930','Thokai bangala bowti mena chowrah',6,13,0.01,1,NULL,NULL),(1972,'C0931','Thokai Bouty',6,13,0.01,1,NULL,NULL),(1973,'C0932','Thokai Bouty',6,13,0.01,1,NULL,NULL),(1974,'C0933','Thokai Bouty',6,14,0.01,1,NULL,NULL),(1975,'C0934','Thokai Bouty',6,14,0.01,1,NULL,NULL),(1976,'C0935','Bouty',6,12,0.01,1,NULL,NULL),(1977,'C0936','Thokai joypuri bowti soru',6,12,0.01,1,NULL,NULL),(1978,'C0937','Thokai joypuri bowti soru',6,12,0.01,1,NULL,NULL),(1979,'C0938','Thokai joypuri bowti soru',6,12,0.01,1,NULL,NULL),(1980,'C0939','Thokai joypuri bowti soru',6,12,0.01,1,NULL,NULL),(1981,'C0940','Thokai joypuri bowti soru',6,12,0.01,1,NULL,NULL),(1982,'C0941','Thokai joypuri mena bowti soru',6,13,0.01,1,NULL,NULL),(1983,'C0942','Thokai joypuri mena bowti soru',6,13,0.01,1,NULL,NULL),(1984,'C0943','Thokai joypuri mena bowti soru',6,13,0.01,1,NULL,NULL),(1985,'C0944','Thokai joypuri mena bowti soru',6,13,0.01,1,NULL,NULL),(1986,'C0945','Thokai joypuri mena bowti soru',6,13,0.01,1,NULL,NULL),(1987,'C0946','Thokai joypuri mena bowti soru',6,13,0.01,1,NULL,NULL),(1988,'C0947','Thokai joypuri mena bowti soru',6,13,0.01,1,NULL,NULL),(1989,'C0948','Thokai joypuri mena bowti soru',6,13,0.01,1,NULL,NULL),(1990,'C0949','Thokai joypuri mena bowti soru',6,13,0.01,1,NULL,NULL),(1991,'C0950','Thokai joypuri mena bowti soru',6,13,0.01,1,NULL,NULL),(1992,'C0951','Thokai joypuri mena bowti maghari',6,14,0.01,1,NULL,NULL),(1993,'C0953','Thokai Joypuri Mina Bowti Majhari',6,14,0.01,1,NULL,NULL),(1994,'C0955','Thokai joypuri bowti chowrah',6,14,0.01,1,NULL,NULL),(1995,'C0956','Thokai joypuri bowti chowrah',6,14,0.01,1,NULL,NULL),(1996,'C0957','Thokai joypuri bowti chowrah',6,14,0.01,1,NULL,NULL),(1997,'C0958','Thokai joypuri bowti chowrah',6,14,0.01,1,NULL,NULL),(1998,'C0959','Thokai joypuri bowti chowrah',6,14,0.01,1,NULL,NULL),(1999,'C0960','Thokai joypuri bowti chowrah',6,14,0.01,1,NULL,NULL),(2000,'C0961','Thokai joypuri mena bowti chowrah',6,15,0.01,1,NULL,NULL),(2001,'C0962','Thokai joypuri mena bowti chowrah',6,13,0.01,1,NULL,NULL),(2002,'C0963','Thokai joypuri mena bowti chowrah',6,13,0.01,1,NULL,NULL),(2003,'C0964','Thokai joypuri mena bowti chowrah',6,13,0.01,1,NULL,NULL),(2004,'C0965','Thokai joypuri mena bowti chowrah',6,13,0.01,1,NULL,NULL),(2005,'C0966','Thokai Bouty',6,13,0.01,1,NULL,NULL),(2006,'C0967','Thokai Bouty',6,13,0.01,1,NULL,NULL),(2007,'C0968','Thokai Bouty',6,13,0.01,1,NULL,NULL),(2008,'C0969','Thokai Bouty',6,13,0.01,1,NULL,NULL),(2009,'C0970','Bouty',6,13,0.01,1,NULL,NULL),(2010,'C0971','Thokai dd bowti soru',6,14,0.01,1,NULL,NULL),(2011,'C0972','Thokai dd bowti soru',6,14,0.01,1,NULL,NULL),(2012,'C0973','Thokai dd bowti soru',6,14,0.01,1,NULL,NULL),(2013,'C0974','Thokai dd bowti soru',6,15,0.01,1,NULL,NULL),(2014,'C0975','Thokai dd bowti soru',6,13,0.01,1,NULL,NULL),(2015,'C0976','Thokai dd  mena bowti soru',6,13,0.01,1,NULL,NULL),(2016,'C0977','Thokai dd  mena bowti soru',6,13,0.01,1,NULL,NULL),(2017,'C0978','Thokai dd  mena bowti soru',6,13,0.01,1,NULL,NULL),(2018,'C0979','Thokai dd  mena bowti soru',6,15,0.01,1,NULL,NULL),(2019,'C0980','Thokai dd  mena bowti soru',6,15,0.01,1,NULL,NULL),(2020,'C0981','Thokai dd  mena bowti soru',6,15,0.01,1,NULL,NULL),(2021,'C0982','Thokai dd  mena bowti soru',6,15,0.01,1,NULL,NULL),(2022,'C0983','Thokai dd  mena bowti soru',6,13,0.01,1,NULL,NULL),(2023,'C0984','Thokai dd  mena bowti soru',6,13,0.01,1,NULL,NULL),(2024,'C0985','Thokai dd  mena bowti soru',6,13,0.01,1,NULL,NULL),(2025,'C0986','Thokai dd Bowti Majhari',6,13,0.01,1,NULL,NULL),(2026,'C0987','Thokai dd Bowti Majhari',6,12,0.01,1,NULL,NULL),(2027,'C0988','Thokai dd Mena Bowti Majhari',6,16,0.01,1,NULL,NULL),(2028,'C0989','Thokai dd Mena Bowti Majhari',6,16,0.01,1,NULL,NULL),(2029,'C0990','Thokai dd Bowti Chowrah',6,16,0.01,1,NULL,NULL),(2030,'C0991','Thokai dd Bowti Chowrah',6,16,0.01,1,NULL,NULL),(2031,'C0992','Thokai dd Bowti Chowrah',6,16,0.01,1,NULL,NULL),(2032,'C0993','Thokai dd Bowti Chowrah',6,16,0.01,1,NULL,NULL),(2033,'C0994','Thokai dd Bowti Chowrah',6,17,0.01,1,NULL,NULL),(2034,'C0995','Thokai dd Bowti Chowrah',6,16,0.01,1,NULL,NULL),(2035,'C0996','Thokai dd  mena bowti chowrah',6,17,0.01,1,NULL,NULL),(2036,'C0997','Thokai dd  mena bowti chowrah',6,17,0.01,1,NULL,NULL),(2037,'C0998','Thokai dd  mena bowti chowrah',6,17,0.01,1,NULL,NULL),(2038,'C0999','Thokai dd  mena bowti chowrah',6,17,0.01,1,NULL,NULL),(2039,'C1000','Thokai dd  mena bowti chowrah',6,17,0.01,1,NULL,NULL),(2040,'C1116','panching bowti soru ',6,14,0.01,1,NULL,NULL),(2041,'C1117','Panching Bowti Soru ',6,14,0.01,1,NULL,NULL),(2042,'C1118','Panching Bowti Soru ',6,14,0.01,1,NULL,NULL),(2043,'C1119','Panching Bowti Soru ',6,14,0.01,1,NULL,NULL),(2044,'C1120','Panching Bowti Soru ',6,14,0.01,1,NULL,NULL),(2045,'C1121','Panching Decaration Mina Bowti Soru ',6,16,0.01,1,NULL,NULL),(2046,'C1122','Panching Decaration Mina Bowti Soru ',6,16,0.01,1,NULL,NULL),(2047,'C1123','Panching Decaration Mina Bowti Soru ',6,16,0.01,1,NULL,NULL),(2048,'C1124','Panching Decaration Mina Bowti Soru ',6,16,0.01,1,NULL,NULL),(2049,'C1125','Panching Decaration Mina Bowti Soru ',6,16,0.01,1,NULL,NULL),(2050,'C1126','Panching  Bowti Majhari',6,15,0.01,1,NULL,NULL),(2051,'C1127','Panching  Bowti Majhari',6,15,0.01,1,NULL,NULL),(2052,'C1128','Panching  Bowti Majhari',6,15,0.01,1,NULL,NULL),(2053,'C1129','Panching  Bowti Majhari',6,15,0.01,1,NULL,NULL),(2054,'C1130','Panching  Bowti Majhari',6,15,0.01,1,NULL,NULL),(2055,'C1131','Panching Bowti Mina Majhari',6,17,0.01,1,NULL,NULL),(2056,'C1132','Panching Bowti Mina Majhari',6,17,0.01,1,NULL,NULL),(2057,'C1133','Panching Bowti Mina Majhari',6,17,0.01,1,NULL,NULL),(2058,'C1134','Panching Bowti Mina Majhari',6,17,0.01,1,NULL,NULL),(2059,'C1135','Panching Bowti Mina Majhari',6,17,0.01,1,NULL,NULL),(2060,'C1136','panching bowti chowrah',6,16,0.01,1,NULL,NULL),(2061,'C1137','panching bowti chowrah',6,16,0.01,1,NULL,NULL),(2062,'C1138','panching bowti chowrah',6,16,0.01,1,NULL,NULL),(2063,'C1139','panching bowti chowrah',6,16,0.01,1,NULL,NULL),(2064,'C1140','panching bowti chowrah',6,16,0.01,1,NULL,NULL),(2065,'C1141','panching decaration mena  bowti chowrah',6,18,0.01,1,NULL,NULL),(2066,'C1142','panching decaration mena  bowti chowrah',6,18,0.01,1,NULL,NULL),(2067,'C1143','Panching Decaration Mena  Bowti Chowrah',6,18,0.01,1,NULL,NULL),(2068,'C1144','Panching Decaration Mena  Bowti Chowrah',6,18,0.01,1,NULL,NULL),(2069,'C1145','Panching Decaration Mena  Bowti Chowrah',6,18,0.01,1,NULL,NULL),(2070,'C1151','Thokai dd Bijil Daya bowti Majhari',6,17,0.01,1,NULL,NULL),(2071,'C1152','Thokai dd Bijil Daya bowti Majhari',6,17,0.01,1,NULL,NULL),(2072,'C1153','Thokai dd Bijil Daya bowti Majhari',6,17,0.01,1,NULL,NULL),(2073,'C1154','Thokai dd Bijil Daya Bowti Majhari',6,17,0.01,1,NULL,NULL),(2074,'C1155','Thokai dd Bijil Daya Bowti Majhari',6,17,0.01,1,NULL,NULL),(2075,'C1156','Thokai dd Bijil Daya Mina Bowti Majhari',6,18,0.01,1,NULL,NULL),(2076,'C1157','Thokai dd Bijil Daya Mina Bowti Majhari',6,18,0.01,1,NULL,NULL),(2077,'C1158','Thokai dd Bijil Daya Mina Bowti Majhari',6,18,0.01,1,NULL,NULL),(2078,'C1159','Thokai dd Bijil Daya Mina Bowti Majhari',6,18,0.01,1,NULL,NULL),(2079,'C1160','Thokai dd Bijil Daya Mina Bowti Majhari',6,18,0.01,1,NULL,NULL),(2080,'C1161','Thokai dd Bijil Daya Mina Bowti Majhari',6,18,0.01,1,NULL,NULL),(2081,'C1162','Thokai dd Bijil Daya Mina Bowti Majhari',6,18,0.01,1,NULL,NULL),(2082,'C1163','Thokai dd Bijil Daya Mina Bowti Majhari',6,18,0.01,1,NULL,NULL),(2083,'C1164','Thokai dd Bijil Daya Mina Bowti Majhari',6,18,0.01,1,NULL,NULL),(2084,'C1165','Thokai dd Bijil Daya Mina Bowti Majhari',6,18,0.01,1,NULL,NULL),(2085,'C1166','Thokai dd  Bijil Daya Mina Bowti Chowrah',6,19,0.01,1,NULL,NULL),(2086,'C1167','Thokai dd  Bijil Daya Mina Bowti Chowrah',6,19,0.01,1,NULL,NULL),(2087,'C1168','Thokai dd  Bijil Daya Mina Bowti Chowrah',6,19,0.01,1,NULL,NULL),(2088,'C1169','Thokai dd  Bijil Daya Mina Bowti Chowrah',6,19,0.01,1,NULL,NULL),(2089,'C1170','Thokai dd  Bijil Daya Mina Bowti Chowrah',6,19,0.01,1,NULL,NULL),(2090,'C1171','Thokai Joypuri  Bijil Daya Bowti Majhari',6,16,0.01,1,NULL,NULL),(2091,'C1172','Thokai Joypuri  Bijil Daya Bowti Majhari',6,16,0.01,1,NULL,NULL),(2092,'C1173','Thokai Joypuri  Bijil Daya Bowti Majhari',6,16,0.01,1,NULL,NULL),(2093,'C1174','Thokai Joypuri  Bijil Daya Bowti Majhari',6,16,0.01,1,NULL,NULL),(2094,'C1175','Thokai Joypuri  Bijil Daya Bowti Majhari',6,16,0.01,1,NULL,NULL),(2095,'C1176','Thokai Joypuri  Bijil Daya Mina Bowti Majhari',6,17,0.01,1,NULL,NULL),(2096,'C1177','Thokai Joypuri  Bijil Daya Mina Bowti Majhari',6,17,0.01,1,NULL,NULL),(2097,'C1178','Thikai Joypuri  Bijil Daya Mina Bowti Majhari',6,17,0.01,1,NULL,NULL),(2098,'C1179','Thokai Joypuri  Bijil Daya Mina Bowti Majhari',6,17,0.01,1,NULL,NULL),(2099,'C1180','Thokai Joypuri  Bijil Daya Mina Bowti Majhari',6,17,0.01,1,NULL,NULL),(2100,'C1181','Thokai Joypuri  Bijil Daya Mina Bowti Majhari',6,17,0.01,1,NULL,NULL),(2101,'C1182','Thokai Joypuri  Bijil Daya Mina Bowti Majhari',6,17,0.01,1,NULL,NULL),(2102,'C1183','Thokai Joypuri  Bijil Daya Mina Bowti Majhari',6,17,0.01,1,NULL,NULL),(2103,'C1184','Thokai Joypuri  Bijil Daya Mina Bowti Majhari',6,17,0.01,1,NULL,NULL),(2104,'C1185','Thokai Joypuri  Bijil Daya Mina Bowti Majhari',6,17,0.01,1,NULL,NULL),(2105,'C1186','Thokai Joypuri  Bijil Daya Mina Bowti Majhari',6,17,0.01,1,NULL,NULL),(2106,'C1187','Thokai Joypuri  Bijil Daya Mina Bowti Majhari',6,17,0.01,1,NULL,NULL),(2107,'C1188','Thokai Joypuri  Bijil Daya Mina Bowti Majhari',6,17,0.01,1,NULL,NULL),(2108,'C1189','Thokai Joypuri  Bijil Daya Mina Bowti Majhari',6,17,0.01,1,NULL,NULL),(2109,'C1190','Thokai Joypuri  Bijil Daya Mina Bowti Majhari',6,17,0.01,1,NULL,NULL),(2110,'C2176','14MM chowrah khal bowti ',6,15,0.01,1,NULL,NULL),(2111,'C2177','14MM chowrah khal bowti ',6,15,0.01,1,NULL,NULL),(2112,'C2202','Thokai Bouty',6,13,0.01,1,NULL,NULL),(2113,'C2203','Thokai Bouty',6,13,0.01,1,NULL,NULL),(2114,'C2205','Thokai Bouty',6,13,0.01,1,NULL,NULL),(2115,'C2206','Thokai Bouty',6,13,0.01,1,NULL,NULL),(2116,'C2207','Thokai Bouty',6,13,0.01,1,NULL,NULL),(2117,'C2208','Thokai Bouty',6,14,0.01,1,NULL,NULL),(2118,'C2209','Thokai Bouty',6,13,0.01,1,NULL,NULL),(2119,'C2210','Thokai Bouty',6,13,0.01,1,NULL,NULL),(2120,'C2211','Thokai Bouty',6,13,0.01,1,NULL,NULL),(2121,'C2212','Thokai Bouty',6,13,0.01,1,NULL,NULL),(2122,'C2213','Thokai Bouty',6,13,0.01,1,NULL,NULL),(2123,'C2214','Thokai Bouty',6,13,0.01,1,NULL,NULL),(2124,'C2215','Thokai Bouty',6,13,0.01,1,NULL,NULL),(2125,'C2216','Bouty',6,13,0.01,1,NULL,NULL),(2126,'C2217','Thokai Bouty',6,13,0.01,1,NULL,NULL),(2127,'C2218','Thokai Bouty',6,13,0.01,1,NULL,NULL),(2128,'C2219','Thokai Bouty',6,13,0.01,1,NULL,NULL),(2129,'C2222','Bouty',6,13,0.01,1,NULL,NULL),(2130,'C2224','Thokai Bouty',6,12,0.01,1,NULL,NULL),(2131,'C2228','Bouty',6,13,0.01,1,NULL,NULL),(2132,'C2230','Thokai Bouty',6,13,0.01,1,NULL,NULL),(2133,'C2231','Thokai Bouty',6,13,0.01,1,NULL,NULL),(2134,'C2232','Thokai Bouty',6,13,0.01,1,NULL,NULL),(2135,'C2233','Thokai Bouty',6,13,0.01,1,NULL,NULL),(2136,'C2235','Thokai Bouty',6,13,0.01,1,NULL,NULL),(2137,'C2236','Bouty',6,14,0.01,1,NULL,NULL),(2138,'C2237','Bouty',6,13,0.01,1,NULL,NULL),(2139,'C2238','Bouty',6,12,0.01,1,NULL,NULL),(2140,'C2239','Thokai bouty',6,13,0.01,1,NULL,NULL),(2141,'C2240','Thokai bouty',6,13,0.01,1,NULL,NULL),(2142,'C2241','Thokai Bangla Bowti',6,13,0.01,1,NULL,NULL),(2143,'C2242','Thokai Bangla Bowti',6,13,0.01,1,NULL,NULL),(2144,'C2243','BOUTY',6,12,0.01,1,NULL,NULL),(2145,'C2282','Bouty',6,13,0.01,1,NULL,NULL),(2146,'C2286','Bouty',6,12,0.01,1,NULL,NULL),(2147,'C2296','THOKAI BOUTY',6,13,0.01,1,NULL,NULL),(2148,'C2363','bouty',6,13,0.01,1,NULL,NULL),(2149,'C2367','Bouty',6,13,0.01,1,NULL,NULL),(2150,'C2501','bouty',6,13,0.01,1,NULL,NULL),(2151,'C2502','bouty',6,13,0.01,1,NULL,NULL),(2152,'C2503','bouty',6,13,0.01,1,NULL,NULL),(2153,'C2504','bouty',6,13,0.01,1,NULL,NULL),(2154,'C2701','Thokai Bowty',6,13,0.01,1,NULL,NULL),(2155,'C2702','Thokai Bowty',6,13,0.01,1,NULL,NULL),(2156,'C2703','Thokai Bowty',6,14,0.01,1,NULL,NULL),(2157,'C2704','Thokai Bowty',6,13,0.01,1,NULL,NULL),(2158,'C2705','Thokai Bowty',6,13,0.01,1,NULL,NULL),(2159,'C2706','Thokai Bowty',6,13,0.01,1,NULL,NULL),(2160,'C2707','Thokai Bowty',6,13,0.01,1,NULL,NULL),(2161,'C2708','Thokai Bowty',6,13,0.01,1,NULL,NULL),(2162,'C2709','Thokai Bowty',6,13,0.01,1,NULL,NULL),(2163,'C2710','Thokai Bowty',6,13,0.01,1,NULL,NULL),(2164,'C2711','Thokai Bowty',6,13,0.01,1,NULL,NULL),(2165,'C2712','Thokai Bowty',6,13,0.01,1,NULL,NULL),(2166,'C2713','Thokai Bowty',6,13,0.01,1,NULL,NULL),(2167,'C2714','Thokai Bowty',6,13,0.01,1,NULL,NULL),(2168,'C2715','Thokai Bowty',6,13,0.01,1,NULL,NULL),(2169,'C2716','Thokai Bowty',6,13,0.01,1,NULL,NULL),(2170,'C2717','Thokai Bowty',6,13,0.01,1,NULL,NULL),(2171,'C2718','Thokai Bowty',6,13,0.01,1,NULL,NULL),(2172,'C2719','Thokai Bowty',6,13,0.01,1,NULL,NULL),(2173,'C2720','Thokai Bowty',6,13,0.01,1,NULL,NULL),(2174,'C2721','Thokai Bowty',6,13,0.01,1,NULL,NULL),(2175,'C2722','Thokai Bowty',6,13,0.01,1,NULL,NULL),(2176,'C2723','Thokai Bowty',6,13,0.01,1,NULL,NULL),(2177,'C2724','Thokai Bowty',6,13,0.01,1,NULL,NULL),(2178,'C2725','Thokai Bowty',6,13,0.01,1,NULL,NULL),(2179,'C2726','Bouty',6,13,0.01,1,NULL,NULL),(2180,'C2727','Thokai Bowty',6,13,0.01,1,NULL,NULL),(2181,'C2728','Bouty',6,13,0.01,1,NULL,NULL),(2182,'C2729','Bouty',6,13,0.01,1,NULL,NULL),(2183,'C2730','Bouty',6,13,0.01,1,NULL,NULL),(2184,'C2731','BOUTY',6,13,0.01,1,NULL,NULL),(2185,'C2732','THOKAI BAUTY',6,13,0.01,1,NULL,NULL),(2186,'C2733','THOKAI BOUTY',6,13,0.01,1,NULL,NULL),(2187,'C2734','THOKAI BOUTY',6,13,0.01,1,NULL,NULL),(2188,'C2735','THOKAI BOUTY',6,13,0.01,1,NULL,NULL),(2189,'C2736','THOKAI BOUTY',6,13,0.01,1,NULL,NULL),(2190,'C2738','BOUTY',6,13,0.01,1,NULL,NULL),(2191,'C2739','BOUTY',6,13,0.01,1,NULL,NULL),(2192,'C2740','Thokai Bouty',6,14,0.01,1,NULL,NULL),(2193,'C2741','Thokai Bouty',6,14,0.01,1,NULL,NULL),(2194,'C2742','Thokai Bouty',6,14,0.01,1,NULL,NULL),(2195,'C2743','Thokai Bouty',6,14,0.01,1,NULL,NULL),(2196,'C2744','Thokai Bouty',6,14,0.01,1,NULL,NULL),(2197,'C2745','Thokai Bouty',6,14,0.01,1,NULL,NULL),(2198,'C2746','Thokai Bouty',6,14,0.01,1,NULL,NULL),(2199,'C2747','Thokai Bouty',6,14,0.01,1,NULL,NULL),(2200,'C2748','Thokai Bouty',6,14,0.01,1,NULL,NULL),(2201,'C2749','Thokai Bouty',6,14,0.01,1,NULL,NULL),(2202,'C2751','Bouty',6,14,0.01,1,NULL,NULL),(2203,'C2753','BOUTY',6,15,0.01,1,NULL,NULL),(2204,'C2754','BOUTY',6,13,0.01,1,NULL,NULL),(2205,'C2755','Thokai Bouty',6,13,0.01,1,NULL,NULL),(2206,'C2756','THOKAI BOUTY',6,13,0.01,1,NULL,NULL),(2207,'C2757','BOUTY',6,13,0.01,1,NULL,NULL),(2208,'C2758','THOKAI BOUTY',6,13,0.01,1,NULL,NULL),(2209,'C2759','THOKAI BOUTY',6,13,0.01,1,NULL,NULL),(2210,'C2760','BOUTY',6,13,0.01,1,NULL,NULL),(2211,'C2761','Thokai Bouty',6,13,0.01,1,NULL,NULL),(2212,'C2762','BOUTY',6,13,0.01,1,NULL,NULL),(2213,'C2763','BOUTY',6,13,0.01,1,NULL,NULL),(2214,'C2764','Thokai Bouty',6,13,0.01,1,NULL,NULL),(2215,'C2765','BOUTY',6,13,0.01,1,NULL,NULL),(2216,'C2766','BOUTY',6,13,0.01,1,NULL,NULL),(2217,'C2767','THOKAI BOUTY',6,13,0.01,1,NULL,NULL),(2218,'C2768','Thokai Bouty',6,13,0.01,1,NULL,NULL),(2219,'C2769','BOUTY',6,13,0.01,1,NULL,NULL),(2220,'C2770','Thokai Bouty',6,12,0.01,1,NULL,NULL),(2221,'C2774','bouty',6,12,0.01,1,NULL,NULL),(2222,'C2775','THOKAI BAUTY',6,13,0.01,1,NULL,NULL),(2223,'C2776','BOUTY',6,12,0.01,1,NULL,NULL),(2224,'C2780','BOUTY',6,12,0.01,1,NULL,NULL),(2225,'C2782','Thokai Bauty',6,12,0.01,1,NULL,NULL),(2226,'C2783','Thokai Bauty',6,12,0.01,1,NULL,NULL),(2227,'C2785','bouty',6,13,0.01,1,NULL,NULL),(2228,'C2786','Thokai Bouty',6,13,0.01,1,NULL,NULL),(2229,'C2787','Bauti',6,13,0.01,1,NULL,NULL),(2230,'C2788','BOUTY',6,13,0.01,1,NULL,NULL),(2231,'C2789','bouty',6,13,0.01,1,NULL,NULL),(2232,'C2790','THOKAI BOWTY',6,13,0.01,1,NULL,NULL),(2233,'C2791','Thokai Bouty',6,13,0.01,1,NULL,NULL),(2234,'C2792','THOKAI BOUTY',6,13,0.01,1,NULL,NULL),(2235,'C2793','BOUTY',6,14,0.01,1,NULL,NULL),(2236,'C2794','Bouty',6,13,0.01,1,NULL,NULL),(2237,'C2795','Bouty',6,13,0.01,1,NULL,NULL),(2238,'C2796','Bouty',6,13,0.01,1,NULL,NULL),(2239,'C2797','bouty',6,14,0.01,1,NULL,NULL),(2240,'C2798','Bouty',6,13,0.01,1,NULL,NULL),(2241,'C2799','BOUTY',6,13,0.01,1,NULL,NULL),(2242,'C2800','Bouty',6,14,0.01,1,NULL,NULL),(2243,'M0916','Thokai bangala bowti  mena maghri',6,14,0.01,1,NULL,NULL),(2244,'M0917','Thokai bangala bowti  mena maghri',6,14,0.01,1,NULL,NULL),(2245,'M0918','Thokai bangala bowti  mena maghri',6,14,0.01,1,NULL,NULL),(2246,'M0919','Thokai bangala bowti  mena maghri',6,14,0.01,1,NULL,NULL),(2247,'M0927','Thokai bangala bowti mena chowrah',6,15,0.01,1,NULL,NULL),(2248,'M0952','Thokai joypuri mena bowti maghari',6,14,0.01,1,NULL,NULL),(2249,'M0954','Thokai joypuri mena bowti maghari',6,15,0.01,1,NULL,NULL),(2250,'X0774','Thokai dd BOUTY soru',6,13,0.01,1,NULL,NULL),(2251,'X1116','panching bowti soru',6,15,0.01,1,NULL,NULL),(2252,'C0701','Thokai bangala patla soru',7,12,0.01,1,NULL,NULL),(2253,'C0702','Thokai bangala patla soru',7,12,0.01,1,NULL,NULL),(2254,'C0703','Thokai bangala patla soru',7,12,0.01,1,NULL,NULL),(2255,'C0704','Thokai bangala patla soru',7,12,0.01,1,NULL,NULL),(2256,'C0705','Thokai bangala patla soru',7,12,0.01,1,NULL,NULL),(2257,'C0706','Thokai bangala patla soru',7,13,0.01,1,NULL,NULL),(2258,'C0707','Thokai bangala patla soru',7,13,0.01,1,NULL,NULL),(2259,'C0708','Thokai bangala patla mena soru',7,13,0.01,1,NULL,NULL),(2260,'C0709','Thokai bangala patla mena soru',7,13,0.01,1,NULL,NULL),(2261,'C0710','Thokai bangala patla mena soru',7,13,0.01,1,NULL,NULL),(2262,'C0711','Thokai bangala patla mena soru',7,13,0.01,1,NULL,NULL),(2263,'C0712','Thokai bangala patla mena soru',7,13,0.01,1,NULL,NULL),(2264,'C0713','Thokai bangala patla mena soru',7,13,0.01,1,NULL,NULL),(2265,'C0714','Thokai bangala patla mena soru',7,13,0.01,1,NULL,NULL),(2266,'C0715','Thokai bangala patla mena soru',7,13,0.01,1,NULL,NULL),(2267,'C0716','Thokai bangala patla mena maghari',7,14,0.01,1,NULL,NULL),(2268,'C0720','Thokai bangala patla mena maghari',7,14,0.01,1,NULL,NULL),(2269,'C0721','Thokai bangala patla mena maghari',7,14,0.01,1,NULL,NULL),(2270,'C0722','Thokai bangala patla mena maghari',7,14,0.01,1,NULL,NULL),(2271,'C0723','Thokai bangala patla mena maghari',7,14,0.01,1,NULL,NULL),(2272,'C0724','Thokai bangala patla mena maghari',7,14,0.01,1,NULL,NULL),(2273,'C0725','Thokai bangala patla chowrah',7,14,0.01,1,NULL,NULL),(2274,'C0726','Thokai bangala patla mena chowrah',7,14,0.01,1,NULL,NULL),(2275,'C0727','Thokai bangala patla mena chowrah',7,15,0.01,1,NULL,NULL),(2276,'C0730','Thokai bangala patla mena chowrah',7,14,0.01,1,NULL,NULL),(2277,'C0731','Thokai Patla',7,14,0.01,1,NULL,NULL),(2278,'C0733','Thokai Patla',7,13,0.01,1,NULL,NULL),(2279,'C0735','Thokai Patla',7,13,0.01,1,NULL,NULL),(2280,'C0736','Thokai Patla',7,12,0.01,1,NULL,NULL),(2281,'C0737','Thokai Patla',7,12,0.01,1,NULL,NULL),(2282,'C0738','Thokai Patla',7,12,0.01,1,NULL,NULL),(2283,'C0739','Thokai Patla',7,12,0.01,1,NULL,NULL),(2284,'C0740','Thokai Patla',7,12,0.01,1,NULL,NULL),(2285,'C0746','Thokai joypuri mena patla maghari',7,13,0.01,1,NULL,NULL),(2286,'C0747','Thokai joypuri mena patla maghari',7,13,0.01,1,NULL,NULL),(2287,'C0748','',7,13,0.01,1,NULL,NULL),(2288,'C0749','Thokai Jaypuri Patla Majhari',7,13,0.01,1,NULL,NULL),(2289,'C0750','Thokai Jaypuri Patla Majhari',7,13,0.01,1,NULL,NULL),(2290,'C0756','Thokai Joypuri patla Chowra',7,14,0.01,1,NULL,NULL),(2291,'C0757','Thokai Joypuri patla Chowra',7,14,0.01,1,NULL,NULL),(2292,'C0758','Thokai Joypuri patla Chowra',7,14,0.01,1,NULL,NULL),(2293,'C0759','Thokai Joypuri patla Chowra',7,14,0.01,1,NULL,NULL),(2294,'C0761','Thokai joypuri mena patla chowrah',7,15,0.01,1,NULL,NULL),(2295,'C0763','Thokai joypuri mena patla chowrah',7,14,0.01,1,NULL,NULL),(2296,'C0764','Thokai joypuri mena patla chowrah',7,15,0.01,1,NULL,NULL),(2297,'C0766','Thokai Patla',7,13,0.01,1,NULL,NULL),(2298,'C0767','Thokai Patla',7,13,0.01,1,NULL,NULL),(2299,'C0768','Thokai Patla',7,12,0.01,1,NULL,NULL),(2300,'C0769','Thokai Patla',7,13,0.01,1,NULL,NULL),(2301,'C0770','Thokai Patla',7,12,0.01,1,NULL,NULL),(2302,'C0771','Thokai dd patla soru',7,14,0.01,1,NULL,NULL),(2303,'C0772','Thokai  patla soru',7,12,0.01,1,NULL,NULL),(2304,'C0773','Thokai dd patla soru',7,14,0.01,1,NULL,NULL),(2305,'C0774','Thokai dd patla soru',7,13,0.01,1,NULL,NULL),(2306,'C0775','Thokai dd patla soru',7,12,0.01,1,NULL,NULL),(2307,'C0777','Thokai dd  patla maghari',7,15,0.01,1,NULL,NULL),(2308,'C0778','Thokai dd  patla maghari',7,12,0.01,1,NULL,NULL),(2309,'C0779','Thokai dd  patla maghari',7,15,0.01,1,NULL,NULL),(2310,'C0780','Thokai dd  patla maghari',7,15,0.01,1,NULL,NULL),(2311,'C0781','Thokai dd  patla maghari',7,15,0.01,1,NULL,NULL),(2312,'C0782','Thokai dd  patla majhari',7,15,0.01,1,NULL,NULL),(2313,'C0786','Thokai dd mena patla maghari',7,16,0.01,1,NULL,NULL),(2314,'C0787','MINA PATLA',7,16,0.01,1,NULL,NULL),(2315,'C0788','Thokai dd mena patla maghari',7,16,0.01,1,NULL,NULL),(2316,'C0789','Thokai dd mena patla maghari',7,16,0.01,1,NULL,NULL),(2317,'C0790','Thokai dd  patla chowrah',7,16,0.01,1,NULL,NULL),(2318,'C0791','Thokai dd  patla chowrah',7,16,0.01,1,NULL,NULL),(2319,'C0792','Thokai dd  patla chowrah',7,16,0.01,1,NULL,NULL),(2320,'C0793','Thokai dd  patla chowrah',7,16,0.01,1,NULL,NULL),(2321,'C0794','Thokai dd  patla chowrah',7,16,0.01,1,NULL,NULL),(2322,'C0795','Thokai dd  patla chowrah',7,16,0.01,1,NULL,NULL),(2323,'C0797','Thokai D D Patla',7,14,0.01,1,NULL,NULL),(2324,'C0800','Thokai dd mena patla chowrah',7,15,0.01,1,NULL,NULL),(2325,'C0860','Thokai Patla',7,23,0.01,1,NULL,NULL),(2326,'C2201','Thokai Patla',7,13,0.01,1,NULL,NULL),(2327,'C2204','Thokai Patla',7,13,0.01,1,NULL,NULL),(2328,'C2220','Thokai Patla',7,13,0.01,1,NULL,NULL),(2329,'C2225','Thokai Patla',7,12,0.01,1,NULL,NULL),(2330,'C2226','Thokai Patla',7,12,0.01,1,NULL,NULL),(2331,'C2227','Thokai Patla',7,12,0.01,1,NULL,NULL),(2332,'C2249','patla',7,14,0.01,1,NULL,NULL),(2333,'C2250','Thokai Patla',7,12,0.01,1,NULL,NULL),(2334,'C2251','PATLA',7,14,0.01,1,NULL,NULL),(2335,'C2253','Thokai Patla',7,13,0.01,1,NULL,NULL),(2336,'C2254','Thokai Patla',7,12,0.01,1,NULL,NULL),(2337,'C2255','Thokai Patla',7,12,0.01,1,NULL,NULL),(2338,'C2256','Thokai Patla',7,12,0.01,1,NULL,NULL),(2339,'C2257','Thokai Patla',7,12,0.01,1,NULL,NULL),(2340,'C2258','Thokai Patla',7,12,0.01,1,NULL,NULL),(2341,'C2259','Thokai Patla',7,12,0.01,1,NULL,NULL),(2342,'C2260','Thokai Patla',7,13,0.01,1,NULL,NULL),(2343,'C2261','Thokai Patla',7,13,0.01,1,NULL,NULL),(2344,'C2262','Thokai Patla',7,13,0.01,1,NULL,NULL),(2345,'C2264','Thokai Patla',7,13,0.01,1,NULL,NULL),(2346,'C2265','Thokai Patla',7,12,0.01,1,NULL,NULL),(2347,'C2267','PATLA',7,13,0.01,1,NULL,NULL),(2348,'C2268','Thokai Patla',7,13,0.01,1,NULL,NULL),(2349,'C2270','Thokai Patla',7,13,0.01,1,NULL,NULL),(2350,'C2271','Thokai Patla',7,13,0.01,1,NULL,NULL),(2351,'C2272','Thokai Patla',7,13,0.01,1,NULL,NULL),(2352,'C2273','Thokai Patla',7,14,0.01,1,NULL,NULL),(2353,'C2274','Thokai Patla',7,13,0.01,1,NULL,NULL),(2354,'C2276','Thokai Patla',7,13,0.01,1,NULL,NULL),(2355,'C2277','Thokai Patla',7,13,0.01,1,NULL,NULL),(2356,'C2279','Thokai Patla',7,13,0.01,1,NULL,NULL),(2357,'C2280','Thokai Patla',7,13,0.01,1,NULL,NULL),(2358,'C2281','Thokai Patla',7,13,0.01,1,NULL,NULL),(2359,'C2283','Thokai Patla',7,14,0.01,1,NULL,NULL),(2360,'C2285','Thokai Patla',7,13,0.01,1,NULL,NULL),(2361,'C2287','Thokai Patla',7,14,0.01,1,NULL,NULL),(2362,'C2288','Thokai Patla',7,14,0.01,1,NULL,NULL),(2363,'C2289','Thokai Patla',7,14,0.01,1,NULL,NULL),(2364,'C2290','Thokai Patla',7,14,0.01,1,NULL,NULL),(2365,'C2292','Thokai Patla',7,14,0.01,1,NULL,NULL),(2366,'C2293','Thokai Patla',7,14,0.01,1,NULL,NULL),(2367,'C2294','Thokai Patla',7,13,0.01,1,NULL,NULL),(2368,'C2295','Thokai Patla',7,13,0.01,1,NULL,NULL),(2369,'C2297','patla',7,13,0.01,1,NULL,NULL),(2370,'C2298','patla',7,12,0.01,1,NULL,NULL),(2371,'C2299','Patla',7,12,0.01,1,NULL,NULL),(2372,'C2300','Patla',7,12,0.01,1,NULL,NULL),(2373,'C2301','Thokai patla soru',7,12,0.01,1,NULL,NULL),(2374,'C2302','Thokai patla soru',7,12,0.01,1,NULL,NULL),(2375,'C2303','Thokai patla soru',7,12,0.01,1,NULL,NULL),(2376,'C2304','Thokai patla soru',7,12,0.01,1,NULL,NULL),(2377,'C2305','Thokai patla soru',7,12,0.01,1,NULL,NULL),(2378,'C2306','Thokai patla soru',7,12,0.01,1,NULL,NULL),(2379,'C2307','Thokai patla soru',7,12,0.01,1,NULL,NULL),(2380,'C2308','Thokai patla soru',7,12,0.01,1,NULL,NULL),(2381,'C2309','Thokai patla soru',7,12,0.01,1,NULL,NULL),(2382,'C2310','Thokai patla soru',7,12,0.01,1,NULL,NULL),(2383,'C2311','Thokai patla soru',7,12,0.01,1,NULL,NULL),(2384,'C2312','Thokai patla soru',7,12,0.01,1,NULL,NULL),(2385,'C2313','Thokai patla soru',7,12,0.01,1,NULL,NULL),(2386,'C2319','PATLA',7,13,0.01,1,NULL,NULL),(2387,'C2320','Thokai Patla',7,13,0.01,1,NULL,NULL),(2388,'C2321','Thokai Patla',7,13,0.01,1,NULL,NULL),(2389,'C2322','Thokai Patla',7,12,0.01,1,NULL,NULL),(2390,'C2323','Thokai Patla',7,13,0.01,1,NULL,NULL),(2391,'C2324','Thokai Patla',7,13,0.01,1,NULL,NULL),(2392,'C2325','Thokai Patla',7,13,0.01,1,NULL,NULL),(2393,'C2326','Thokai Patla',7,13,0.01,1,NULL,NULL),(2394,'C2327','Thokai Patla',7,13,0.01,1,NULL,NULL),(2395,'C2328','Thokai Patla',7,13,0.01,1,NULL,NULL),(2396,'C2329','Thokai Patla',7,13,0.01,1,NULL,NULL),(2397,'C2330','Thokai Patla',7,12,0.01,1,NULL,NULL),(2398,'C2331','Thokai Patla',7,13,0.01,1,NULL,NULL),(2399,'C2332','Thokai Patla',7,13,0.01,1,NULL,NULL),(2400,'C2333','Thokai Patla',7,13,0.01,1,NULL,NULL),(2401,'C2334','Thokai Patla',7,13,0.01,1,NULL,NULL),(2402,'C2335','Thokai Patla',7,13,0.01,1,NULL,NULL),(2403,'C2336','Thokai Patla',7,13,0.01,1,NULL,NULL),(2404,'C2337','Thokai Patla',7,13,0.01,1,NULL,NULL),(2405,'C2338','Thokai Patla',7,13,0.01,1,NULL,NULL),(2406,'C2339','Thokai Patla',7,13,0.01,1,NULL,NULL),(2407,'C2340','Thokai Patla',7,13,0.01,1,NULL,NULL),(2408,'C2341','Thokai Patla',7,13,0.01,1,NULL,NULL),(2409,'C2342','Thokai Patla',7,13,0.01,1,NULL,NULL),(2410,'C2343','Thokai Patla',7,13,0.01,1,NULL,NULL),(2411,'C2344','Thokai Patla',7,13,0.01,1,NULL,NULL),(2412,'C2345','Thokai Patla',7,13,0.01,1,NULL,NULL),(2413,'C2346','Thokai Patla',7,13,0.01,1,NULL,NULL),(2414,'C2347','Thokai Patla',7,13,0.01,1,NULL,NULL),(2415,'C2348','Thokai Patla',7,13,0.01,1,NULL,NULL),(2416,'C2349','Thokai Patla',7,13,0.01,1,NULL,NULL),(2417,'C2350','Thokai Patla',7,13,0.01,1,NULL,NULL),(2418,'C2351','Thokai Patla',7,13,0.01,1,NULL,NULL),(2419,'C2352','THOKAI PATLA',7,13,0.01,1,NULL,NULL),(2420,'C2353','Thokai Patla',7,14,0.01,1,NULL,NULL),(2421,'C2354','THOKAI PATLA',7,14,0.01,1,NULL,NULL),(2422,'C2355','PATLA',7,13,0.01,1,NULL,NULL),(2423,'C2356','THOLAI PATLA',7,14,0.01,1,NULL,NULL),(2424,'C2357','THOKAI PATLA',7,14,0.01,1,NULL,NULL),(2425,'C2358','PATLA',7,13,0.01,1,NULL,NULL),(2426,'C2360','patla',7,14,0.01,1,NULL,NULL),(2427,'C2364','PATLA',7,14,0.01,1,NULL,NULL),(2428,'C2365','PATLA',7,13,0.01,1,NULL,NULL),(2429,'C2366','PATLA',7,14,0.01,1,NULL,NULL),(2430,'C2369','PATLA',7,12,0.01,1,NULL,NULL),(2431,'C2370','Thokai Patla',7,14,0.01,1,NULL,NULL),(2432,'C2371','Thokai Patla',7,14,0.01,1,NULL,NULL),(2433,'C2372','Thokai Patla',7,14,0.01,1,NULL,NULL),(2434,'C2373','Thokai Patla',7,14,0.01,1,NULL,NULL),(2435,'C2374','Thokai Patla',7,14,0.01,1,NULL,NULL),(2436,'C2375','Thokai Patla',7,14,0.01,1,NULL,NULL),(2437,'C2376','Thokai Patla',7,14,0.01,1,NULL,NULL),(2438,'C2377','Thokai Patla',7,14,0.01,1,NULL,NULL),(2439,'C2378','Thokai Patla',7,14,0.01,1,NULL,NULL),(2440,'C2379','Thokai Patla',7,13,0.01,1,NULL,NULL),(2441,'C2380','Thokai Patla',7,14,0.01,1,NULL,NULL),(2442,'C2381','PATLA',7,14,0.01,1,NULL,NULL),(2443,'C2382','Patla',7,13,0.01,1,NULL,NULL),(2444,'C2383','Thokai Patla',7,14,0.01,1,NULL,NULL),(2445,'C2385','PATLA',7,12,0.01,1,NULL,NULL),(2446,'C2386','PATLA',7,12,0.01,1,NULL,NULL),(2447,'C2387','PATLA',7,13,0.01,1,NULL,NULL),(2448,'C2388','PATLA',7,12,0.01,1,NULL,NULL),(2449,'C2389','PATLA',7,12,0.01,1,NULL,NULL),(2450,'C2390','PATLA',7,13,0.01,1,NULL,NULL),(2451,'C2392','Patla',7,13,0.01,1,NULL,NULL),(2452,'C2393','Patla',7,12,0.01,1,NULL,NULL),(2453,'C2396','patla',7,12,0.01,1,NULL,NULL),(2454,'C2397','patla',7,12,0.01,1,NULL,NULL),(2455,'C2398','patla',7,14,0.01,1,NULL,NULL),(2456,'C2399','patla',7,13,0.01,1,NULL,NULL),(2457,'M0780','Thokai dd  patla maghari',7,15,0.01,1,NULL,NULL),(2458,'M0800','Thokai dd mena patla chowrah',7,15,0.01,1,NULL,NULL),(2459,'M2391','MINA PATLA',7,13,0.01,1,NULL,NULL),(2460,'X0001','PATLA',7,26,0.01,1,NULL,NULL),(2461,'X0712','PATLA',7,14,0.01,1,NULL,NULL),(2462,'X0725','PATLA',7,15,0.01,1,NULL,NULL),(2463,'X0747','Thokai joypuri mena patla maghari',7,14,0.01,1,NULL,NULL),(2464,'X2254','pATLA',7,13,0.01,1,NULL,NULL),(2465,'X2260','Thokai Patla',7,14,0.01,1,NULL,NULL),(2466,'X2279','PATLA',7,14,0.01,1,NULL,NULL),(2467,'X2313','PATLA',7,13,0.01,1,NULL,NULL),(2468,'X2342','Thokai Patla',7,14,0.01,1,NULL,NULL),(2469,'X2350','Thokai Patla',7,14,0.01,1,NULL,NULL),(2470,'X2356','THOLAI PATLA',7,15,0.01,1,NULL,NULL),(2471,'X2364','patla',7,15,0.01,1,NULL,NULL),(2472,'X2375','PATLA BOTHSIDE',7,15,0.01,1,NULL,NULL),(2473,'C1001','thikai joypuri konkon soru',8,13,0.01,1,NULL,NULL),(2474,'C1002','thikai joypuri konkon soru',8,15,0.01,1,NULL,NULL),(2475,'C1003','thikai joypuri konkon soru',8,13,0.01,1,NULL,NULL),(2476,'C1004','thikai joypuri konkon soru',8,13,0.01,1,NULL,NULL),(2477,'C1005','thikai joypuri konkon soru',8,13,0.01,1,NULL,NULL),(2478,'C1006','thikai joypuri konkon soru',8,13,0.01,1,NULL,NULL),(2479,'C1007','thikai joypuri konkon soru',8,13,0.01,1,NULL,NULL),(2480,'C1008','thikai joypuri konkon soru',8,13,0.01,1,NULL,NULL),(2481,'C1009','thikai joypuri konkon soru',8,13,0.01,1,NULL,NULL),(2482,'C1010','thikai joypuri konkon soru',8,13,0.01,1,NULL,NULL),(2483,'C1011','Thokai Joypuri Mena Konkon Soru',8,14,0.01,1,NULL,NULL),(2484,'C1012','Thokai Joypuri Mena Konkon Soru',8,14,0.01,1,NULL,NULL),(2485,'C1013','Thokai Joypuri Mena Konkon Soru',8,14,0.01,1,NULL,NULL),(2486,'C1014','Thokai Joypuri Mena Konkon Soru',8,14,0.01,1,NULL,NULL),(2487,'C1015','Thokai Joypuri Mena Konkon Soru',8,14,0.01,1,NULL,NULL),(2488,'C1016','Thokai Joypuri  Konkon Majhari',8,14,0.01,1,NULL,NULL),(2489,'C1017','Thokai Joypuri  Konkon Majhari',8,14,0.01,1,NULL,NULL),(2490,'C1018','Thokai Joypuri  Konkon Majhari',8,14,0.01,1,NULL,NULL),(2491,'C1019','Thokai Joypuri  Konkon Majhari',8,14,0.01,1,NULL,NULL),(2492,'C1020','Thokai Joypuri  Konkon Majhari',8,14,0.01,1,NULL,NULL),(2493,'C1021','Thokai Joypuri Mina Konkon Majhari',8,15,0.01,1,NULL,NULL),(2494,'C1022','Thokai Joypuri Mina Konkon Majhari',8,15,0.01,1,NULL,NULL),(2495,'C1023','Thokai Joypuri Mina Konkon Majhari',8,15,0.01,1,NULL,NULL),(2496,'C1024','Thokai Joypuri Mina Konkon Majhari',8,15,0.01,1,NULL,NULL),(2497,'C1025','Thokai Konkon Majhari',8,15,0.01,1,NULL,NULL),(2498,'C1026','Thokai Joypuri Konkon Chowrah',8,15,0.01,1,NULL,NULL),(2499,'C1027','Thokai Joypuri Konkon Chowrah',8,15,0.01,1,NULL,NULL),(2500,'C1028','Thokai Joypuri Konkon Chowrah',8,15,0.01,1,NULL,NULL),(2501,'C1029','Thokai Joypuri Konkon Chowrah',8,15,0.01,1,NULL,NULL),(2502,'C1030','Thokai Joypuri Konkon Chowrah',8,15,0.01,1,NULL,NULL),(2503,'C1031','Thokai Joypuri Mina Konkon Chowrah',8,16,0.01,1,NULL,NULL),(2504,'C1032','Thokai Joypuri Mina Konkon Chowrah',8,16,0.01,1,NULL,NULL),(2505,'C1033','Thokai Joypuri Mina Konkon Chowrah',8,16,0.01,1,NULL,NULL),(2506,'C1034','Thokai Joypuri Mina Konkon Chowrah',8,16,0.01,1,NULL,NULL),(2507,'C1035','Thokai Joypuri Mina Konkon Chowrah',8,16,0.01,1,NULL,NULL),(2508,'C1036','Thokai Kankan',8,15,0.01,1,NULL,NULL),(2509,'C1037','Thokai Kankan',8,15,0.01,1,NULL,NULL),(2510,'C1038','Kankan',8,15,0.01,1,NULL,NULL),(2511,'C1039','Thokai Kankan',8,15,0.01,1,NULL,NULL),(2512,'C1040','Kankan',8,15,0.01,1,NULL,NULL),(2513,'C1041','Thokai dd Konkon Soru',8,15,0.01,1,NULL,NULL),(2514,'C1042','Thokai dd Konkon Soru',8,15,0.01,1,NULL,NULL),(2515,'C1043','Thokai dd Konkon Soru',8,15,0.01,1,NULL,NULL),(2516,'C1044','Thokai dd Konkon Soru',8,15,0.01,1,NULL,NULL),(2517,'C1045','Thokai dd Konkon Soru',8,15,0.01,1,NULL,NULL),(2518,'C1046','Thokai dd Mina Konkon Soru',8,16,0.01,1,NULL,NULL),(2519,'C1047','Thokai dd Mina Konkon Soru',8,16,0.01,1,NULL,NULL),(2520,'C1048','Thokai dd Mina Konkon Soru',8,16,0.01,1,NULL,NULL),(2521,'C1049','Thokai dd Mina Konkon Soru',8,16,0.01,1,NULL,NULL),(2522,'C1050','Thokai dd Mina Konkon Soru',8,16,0.01,1,NULL,NULL),(2523,'C1051','Thokai dd  Konkon Majhari',8,17,0.01,1,NULL,NULL),(2524,'C1052','Thokai dd  Konkon Majhari',8,16,0.01,1,NULL,NULL),(2525,'C1053','Thokai dd  Konkon Majhari',8,16,0.01,1,NULL,NULL),(2526,'C1054','Thokai dd  Konkon Majhari',8,16,0.01,1,NULL,NULL),(2527,'C1055','Thokai dd  Konkon Majhari',8,16,0.01,1,NULL,NULL),(2528,'C1056','Thokai dd Mina Konkon Majhari',8,17,0.01,1,NULL,NULL),(2529,'C1057','Thokai dd Mina Konkon Majhari',8,17,0.01,1,NULL,NULL),(2530,'C1058','Thokai dd Mina Konkon Majhari',8,17,0.01,1,NULL,NULL),(2531,'C1059','Thokai dd Mina Konkon Majhari',8,17,0.01,1,NULL,NULL),(2532,'C1060','Thokai dd Mina Konkon Majhari',8,17,0.01,1,NULL,NULL),(2533,'C1061','Thokai Kankan',8,17,0.01,1,NULL,NULL),(2534,'C1062','Thokai Kankan',8,17,0.01,1,NULL,NULL),(2535,'C1063','Thikai DD Konkon Chwrah',8,17,0.01,1,NULL,NULL),(2536,'C1064','Thokai Kankan',8,17,0.01,1,NULL,NULL),(2537,'C1065','Thokai Kankan',8,17,0.01,1,NULL,NULL),(2538,'C1067','Thokai Joypuri Mina Konkon Chowrah',8,18,0.01,1,NULL,NULL),(2539,'C1068','Thokai Joypuri Mina Konkon Chowrah',8,18,0.01,1,NULL,NULL),(2540,'C1069','Thokai Joypuri Mina Konkon Chowrah',8,18,0.01,1,NULL,NULL),(2541,'C1070','Thokai Joypuri Mina Konkon Chowrah',8,18,0.01,1,NULL,NULL),(2542,'C1081','panching konkon soru',8,15,0.01,1,NULL,NULL),(2543,'C1082','panching konkon soru',8,15,0.01,1,NULL,NULL),(2544,'C1083','panching konkon soru',8,15,0.01,1,NULL,NULL),(2545,'C1084','panching konkon soru',8,15,0.01,1,NULL,NULL),(2546,'C1085','panching konkon soru',8,15,0.01,1,NULL,NULL),(2547,'C1086','Panching Decaration Mina Konkon Soru',8,17,0.01,1,NULL,NULL),(2548,'C1087','Panching Decaration Mina Konkon Soru',8,17,0.01,1,NULL,NULL),(2549,'C1088','Panching Decaration Mina Konkon Soru',8,17,0.01,1,NULL,NULL),(2550,'C1089','Panching Decaration Mina Konkon Soru',8,17,0.01,1,NULL,NULL),(2551,'C1090','Panching Decaration Mina Konkon Soru',8,17,0.01,1,NULL,NULL),(2552,'C1091','panching  konkon maghari',8,16,0.01,1,NULL,NULL),(2553,'C1092','panching  konkon maghari',8,16,0.01,1,NULL,NULL),(2554,'C1093','panching  konkon maghari',8,16,0.01,1,NULL,NULL),(2555,'C1094','panching  konkon maghari',8,16,0.01,1,NULL,NULL),(2556,'C1095','panching  konkon maghari',8,16,0.01,1,NULL,NULL),(2557,'C1098','Panching Decaration Mina Konkon Maghari',8,18,0.01,1,NULL,NULL),(2558,'C1101','Panching Konkon Chowrah',8,17,0.01,1,NULL,NULL),(2559,'C1102','Panching Konkon Chowrah',8,17,0.01,1,NULL,NULL),(2560,'C1103','Panching Konkon Chowrah',8,17,0.01,1,NULL,NULL),(2561,'C1104','Panching Konkon Chowrah',8,17,0.01,1,NULL,NULL),(2562,'C1105','Panching Konkon Chowrah',8,17,0.01,1,NULL,NULL),(2563,'C1106','panching decaration mena konkon chowrah',8,19,0.01,1,NULL,NULL),(2564,'C1107','panching decaration mena konkon chowrah',8,19,0.01,1,NULL,NULL),(2565,'C1108','panching decaration mena konkon chowrah',8,19,0.01,1,NULL,NULL),(2566,'C1109','panching decaration mena konkon chowrah',8,19,0.01,1,NULL,NULL),(2567,'C1110','panching decaration mena konkon chowrah',8,14,0.01,1,NULL,NULL),(2568,'C1201','Thokai dd Bijil Daya Konkon Majhari',8,18,0.01,1,NULL,NULL),(2569,'C1202','Thokai dd Bijil Daya Konkon Majhari',8,18,0.01,1,NULL,NULL),(2570,'C1203','Thokai dd Bijil Daya Konkon Majhari',8,18,0.01,1,NULL,NULL),(2571,'C1204','Thokai dd Bijil Daya Konkon Majhari',8,18,0.01,1,NULL,NULL),(2572,'C1205','Thokai dd Bijil Daya Konkon Majhari',8,18,0.01,1,NULL,NULL),(2573,'C1206','Thokai dd Bijil Daya Mina Konkon Majhari',8,19,0.01,1,NULL,NULL),(2574,'C1207','Thokai dd Bijil Daya Mina Konkon Majhari',8,19,0.01,1,NULL,NULL),(2575,'C1208','Thokai dd Bijil Daya Mina Konkon Majhari',8,19,0.01,1,NULL,NULL),(2576,'C1209','Thokai dd Bijil Daya Mina Konkon Majhari',8,19,0.01,1,NULL,NULL),(2577,'C1210','Thokai dd Bijil Daya Mina Konkon Majhari',8,19,0.01,1,NULL,NULL),(2578,'C1211','Thokai dd Bijil Daya Mina Konkon Majhari',8,19,0.01,1,NULL,NULL),(2579,'C1212','Thokai dd Bijil Daya Mina Konkon Majhari',8,19,0.01,1,NULL,NULL),(2580,'C1213','Thokai dd Bijil Daya Mina Konkon Majhari',8,19,0.01,1,NULL,NULL),(2581,'C1214','Thokai dd Bijil Daya Mina Konkon Majhari',8,19,0.01,1,NULL,NULL),(2582,'C1215','Thokai dd Bijil Daya Mina Konkon Majhari',8,19,0.01,1,NULL,NULL),(2583,'C1216','Thokai dd Bijil Daya Mina Konkon Chowrah',8,20,0.01,1,NULL,NULL),(2584,'C1217','Thokai dd Bijil Daya Mina Konkon Chowrah',8,20,0.01,1,NULL,NULL),(2585,'C1218','Thokai dd Bijil Daya Mina Konkon Chowrah',8,20,0.01,1,NULL,NULL),(2586,'C1219','Thokai dd Bijil Daya Mina Konkon Chowrah',8,20,0.01,1,NULL,NULL),(2587,'C1220','Thokai dd Bijil Daya Mina Konkon Chowrah',8,20,0.01,1,NULL,NULL),(2588,'C1221','Thokai Joypuri  Bijil Daya Konkon Majhari',8,17,0.01,1,NULL,NULL),(2589,'C1222','Thokai Joypuri  Bijil Daya Konkon Majhari',8,17,0.01,1,NULL,NULL),(2590,'C1223','Thokai Joypuri  Bijil Daya Konkon Majhari',8,17,0.01,1,NULL,NULL),(2591,'C1224','Thokai Joypuri  Bijil Daya Konkon Majhari',8,17,0.01,1,NULL,NULL),(2592,'C1225','Thokai Joypuri  Bijil Daya Konkon Majhari',8,17,0.01,1,NULL,NULL),(2593,'C1226','Thokai Joypuri  Bijil Daya Konkon Majhari',8,18,0.01,1,NULL,NULL),(2594,'C1227','Thokai Joypuri  Bijil Daya Konkon Majhari',8,18,0.01,1,NULL,NULL),(2595,'C1228','Thokai Joypuri  Bijil Daya Konkon Majhari',8,18,0.01,1,NULL,NULL),(2596,'C1229','Thokai Joypuri  Bijil Daya Konkon Majhari',8,18,0.01,1,NULL,NULL),(2597,'C1230','Thokai Joypuri  Bijil Daya Konkon Majhari',8,18,0.01,1,NULL,NULL),(2598,'C1231','Thokai Joypuri  Bijil Daya Konkon Majhari',8,18,0.01,1,NULL,NULL),(2599,'C1232','Thokai Joypuri  Bijil Daya Konkon Majhari',8,18,0.01,1,NULL,NULL),(2600,'C1233','Thokai Joypuri  Bijil Daya Konkon Majhari',8,18,0.01,1,NULL,NULL),(2601,'C1234','Thokai Joypuri  Bijil Daya Konkon Majhari',8,18,0.01,1,NULL,NULL),(2602,'C1235','Thokai Joypuri  Bijil Daya Konkon Majhari',8,18,0.01,1,NULL,NULL),(2603,'C1236','Thokai Joypuri  Bijil Daya Mina Konkon Chowrah',8,19,0.01,1,NULL,NULL),(2604,'C1237','Thokai Joypuri  Bijil Daya Mina Konkon Chowrah',8,19,0.01,1,NULL,NULL),(2605,'C1238','Thokai Joypuri  Bijil Daya Mina Konkon Chowrah',8,19,0.01,1,NULL,NULL),(2606,'C1239','Thokai Joypuri  Bijil Daya Mina Konkon Chowrah',8,19,0.01,1,NULL,NULL),(2607,'C1240','Thokai Joypuri  Bijil Daya Mina Konkon Chowrah',8,19,0.01,1,NULL,NULL),(2608,'C1601','thokai bangala konkon soru',8,13,0.01,1,NULL,NULL),(2609,'C16010','thokai bangala konkon mena soru',8,14,0.01,1,NULL,NULL),(2610,'C1602','thokai bangala konkon soru',8,13,0.01,1,NULL,NULL),(2611,'C1603','thokai bangala konkon soru',8,13,0.01,1,NULL,NULL),(2612,'C1604','thokai bangala konkon soru',8,13,0.01,1,NULL,NULL),(2613,'C1605','thokai bangala konkon soru',8,13,0.01,1,NULL,NULL),(2614,'C1606','thokai bangala konkon mena soru',8,14,0.01,1,NULL,NULL),(2615,'C1607','thokai bangala konkon mena soru',8,14,0.01,1,NULL,NULL),(2616,'C1608','thokai bangala konkon mena soru',8,14,0.01,1,NULL,NULL),(2617,'C1609','thokai bangala konkon',8,15,0.01,1,NULL,NULL),(2618,'C1610','thokai konkon majhari',8,15,0.01,1,NULL,NULL),(2619,'C1611','thokai bangla konkon majhari',8,15,0.01,1,NULL,NULL),(2620,'C1612','THOKAI KANKAN',8,14,0.01,1,NULL,NULL),(2621,'C1613','thokai bangala konkon mena majhari',8,14,0.01,1,NULL,NULL),(2622,'C1614','thokai bangala konkon mena majhari',8,14,0.01,1,NULL,NULL),(2623,'C1615','thokai bangala konkon mena majhari',8,14,0.01,1,NULL,NULL),(2624,'C1616','thokai bangala konkon mena maghari',8,15,0.01,1,NULL,NULL),(2625,'C1617','thokai bangala konkon mena maghari',8,15,0.01,1,NULL,NULL),(2626,'C1618','thokai bangala konkon mena maghari',8,15,0.01,1,NULL,NULL),(2627,'C1619','thokai bangala konkon mena maghari',8,15,0.01,1,NULL,NULL),(2628,'C1620','thokai bangala konkon mena maghari',8,15,0.01,1,NULL,NULL),(2629,'C1621','thokai bangala konkon chowrah',8,15,0.01,1,NULL,NULL),(2630,'C1622','thokai bangala konkon chowrah',8,15,0.01,1,NULL,NULL),(2631,'C1623','thokai bangala konkon chowrah',8,15,0.01,1,NULL,NULL),(2632,'C1624','thokai bangala konkon chowrah',8,15,0.01,1,NULL,NULL),(2633,'C1625','thokai bangala konkon chowrah',8,15,0.01,1,NULL,NULL),(2634,'C1626','thikai bangala konkon mena chowrah',8,16,0.01,1,NULL,NULL),(2635,'C1627','thikai bangala konkon mena chowrah',8,16,0.01,1,NULL,NULL),(2636,'C1628','thikai bangala konkon mena chowrah',8,15,0.01,1,NULL,NULL),(2637,'C1629','thikai bangala konkon mena chowrah',8,16,0.01,1,NULL,NULL),(2638,'C1630','thikai bangala konkon mena chowrah',8,16,0.01,1,NULL,NULL),(2639,'C1631','Thokai Kankan',8,15,0.01,1,NULL,NULL),(2640,'C1632','Thokai Kankan',8,15,0.01,1,NULL,NULL),(2641,'C1633','kankan',8,14,0.01,1,NULL,NULL),(2642,'C1635','thokai bangala konkon mena majhari',8,15,0.01,1,NULL,NULL),(2643,'C1636','Thokai bangla mini konkon',8,15,0.01,1,NULL,NULL),(2644,'C1637','thokai bangala mini konkon',8,15,0.01,1,NULL,NULL),(2645,'C1638','Thokai bangala konkon mena majhari',8,13,0.01,1,NULL,NULL),(2646,'C1639','thokai bangala konkon mena maghari',8,13,0.01,1,NULL,NULL),(2647,'C1640','Thokai bangala konkon mena majhari',8,13,0.01,1,NULL,NULL),(2648,'C1641','Thokai bangla konkon',8,13,0.01,1,NULL,NULL),(2649,'C1642','thokai bangala mini mena konkon',8,14,0.01,1,NULL,NULL),(2650,'C1646','KANKAN',8,14,0.01,1,NULL,NULL),(2651,'C1647','THOKAI KANKAN',8,14,0.01,1,NULL,NULL),(2652,'C1700','Kankan',8,18,0.01,1,NULL,NULL),(2653,'M1066','Thikai DD mena konkon chwrah',8,18,0.01,1,NULL,NULL),(2654,'N0101','noa',9,9,0.01,1,NULL,NULL),(2655,'N0102','noa',9,9,0.01,1,NULL,NULL),(2656,'N0103','noa',9,9,0.01,1,NULL,NULL),(2657,'N0104','noa',9,9,0.01,1,NULL,NULL),(2658,'N0105','noa',9,8,0.01,1,NULL,NULL),(2659,'N0106','noa',9,9,0.01,1,NULL,NULL),(2660,'N0107','noa',9,9,0.01,1,NULL,NULL),(2661,'N0108','noa',9,9,0.01,1,NULL,NULL),(2662,'N0109','noa',9,8,0.01,1,NULL,NULL),(2663,'N0110','noa',9,9,0.01,1,NULL,NULL),(2664,'X0003','SAMPLE',9,6,0.01,1,NULL,NULL),(2665,'X0004','Sample',9,24,0.01,1,NULL,NULL),(2666,'X0005','Sample',9,24,0.01,1,NULL,NULL),(2667,'X0006','taser khal churi soru',9,20,0.01,1,NULL,NULL),(2668,'X0007','KANKAN',9,14,0.01,1,NULL,NULL),(2669,'X0008','Sample',9,13,0.01,1,NULL,NULL),(2670,'X0009','Xsample',9,6,0.01,1,NULL,NULL),(2671,'X0010','Half round churi',9,6,0.01,1,NULL,NULL),(2672,'X0011','3 tarar baki churi',9,17,0.01,1,NULL,NULL),(2673,'X0012','Xsample',9,17,0.01,1,NULL,NULL),(2674,'X0013','Xsample',9,8,0.01,1,NULL,NULL),(2675,'X0014','Xsample',9,15,0.01,1,NULL,NULL),(2676,'X0015','Xsample',9,17,0.01,1,NULL,NULL),(2677,'X0016','Xsample',9,7,0.01,1,NULL,NULL),(2678,'X0017','Xsample',9,11,0.01,1,NULL,NULL),(2679,'X0018','Xsample',9,16,0.01,1,NULL,NULL),(2680,'X0019','Xsample',9,6,0.01,1,NULL,NULL),(2681,'X0020','Xsample',9,15,0.01,1,NULL,NULL),(2682,'X0021','Xsample',9,14,0.01,1,NULL,NULL),(2683,'X0022','Xsample',9,13,0.01,1,NULL,NULL),(2684,'X0023','XSample',9,11,0.01,1,NULL,NULL),(2685,'X0024','XSample',9,14,0.01,1,NULL,NULL),(2686,'X0025','XSample',9,6,0.01,1,NULL,NULL),(2687,'X0026','Sample',9,15,0.01,1,NULL,NULL),(2688,'X0027','Xsample',9,22,0.01,1,NULL,NULL),(2689,'X0028','Xsample',9,14,0.01,1,NULL,NULL),(2690,'X0029','XSample',9,24,0.01,1,NULL,NULL),(2691,'X0030','XSample',9,7,0.01,1,NULL,NULL),(2692,'X0031','XSample',9,24,0.01,1,NULL,NULL),(2693,'X0032','XSample',9,24,0.01,1,NULL,NULL),(2694,'X0034','XSample',9,13,0.01,1,NULL,NULL),(2695,'X0035','XSample',9,15,0.01,1,NULL,NULL),(2696,'X0036','XSample',9,7,0.01,1,NULL,NULL),(2697,'X0037','sample',9,14,0.01,1,NULL,NULL),(2698,'X0038','Xsample',9,7,0.01,1,NULL,NULL),(2699,'X0039','Xsample',9,7,0.01,1,NULL,NULL),(2700,'X0041','Xsample',9,14,0.01,1,NULL,NULL),(2701,'X0050','X sample',9,8,0.01,1,NULL,NULL),(2702,'X0052','Xsample',9,18,0.01,1,NULL,NULL),(2703,'X0053','Xsample',9,18,0.01,1,NULL,NULL),(2704,'X0054','Xsample',9,18,0.01,1,NULL,NULL),(2705,'X0055','Xsample',9,18,0.01,1,NULL,NULL),(2706,'X0056','Xsample',9,18,0.01,1,NULL,NULL),(2707,'X0057','Xsample',9,22,0.01,1,NULL,NULL),(2708,'X1500','SAMPLE',9,8,0.01,1,NULL,NULL),(2709,'X4000','New Model',9,14,0.01,1,NULL,NULL),(2710,'X4001','New Model',9,14,0.01,1,NULL,NULL),(2711,'M0021','Mina Thokai Churi Soru',10,7,0.01,1,NULL,NULL),(2712,'M0071','Thokai bangal mena churi majari',10,8,0.01,1,NULL,NULL),(2713,'M0261','Thokai dd mena churi majhari',10,7,0.01,1,NULL,NULL),(2714,'M0263','Thokai dd mena churi majhari',10,7,0.01,1,NULL,NULL),(2715,'M0264','Mina Churi',10,7,0.01,1,NULL,NULL),(2716,'M0265','Thokai dd mena churi majhari',10,7,0.01,1,NULL,NULL),(2717,'M0266','Thokai dd Mina Churi Majhari',10,7,0.01,1,NULL,NULL),(2718,'M0281','Thokai dd mena churi chowrah',10,8,0.01,1,NULL,NULL),(2719,'M0282','Thokai dd mena churi chowrah',10,8,0.01,1,NULL,NULL),(2720,'M0283','Thokai dd mena churi chowrah',10,8,0.01,1,NULL,NULL),(2721,'M0284','Thokai dd mena churi chowrah',10,8,0.01,1,NULL,NULL),(2722,'M0285','Thokai dd mena churi chowrah',10,8,0.01,1,NULL,NULL),(2723,'M0286','Thokai dd mena churi chowrah',10,8,0.01,1,NULL,NULL),(2724,'M0287','Thokai dd mena churi chowrah',10,8,0.01,1,NULL,NULL),(2725,'M0288','Thokai dd mena churi chowrah',10,8,0.01,1,NULL,NULL),(2726,'M0289','Thokai dd mena churi chowrah',10,8,0.01,1,NULL,NULL),(2727,'M0290','Thokai dd mena churi chowrah',10,8,0.01,1,NULL,NULL),(2728,'M0361','Thokai joypuri meena churi majhari',10,9,0.01,1,NULL,NULL),(2729,'M0362','Thokai joypuri meena churi maghari',10,8,0.01,1,NULL,NULL),(2730,'M0364','Thokai joypuri meena churi majhari',10,9,0.01,1,NULL,NULL),(2731,'M0366','Thokai joypuri meena churi majhari',10,9,0.01,1,NULL,NULL),(2732,'M0367','Thokai joypuri meena churi maghari',10,9,0.01,1,NULL,NULL),(2733,'M0386','Thokai joypuri meena churi chowrah',10,8,0.01,1,NULL,NULL),(2734,'M0421','flat panching mena churi soru',10,14,0.01,1,NULL,NULL),(2735,'M0423','Flat Panching Meena Churi Soru',10,14,0.01,1,NULL,NULL),(2736,'M0424','Flat Panching Meena Churi Soru',10,14,0.01,1,NULL,NULL),(2737,'M0425','Flat Panching Mena Churi Soru',10,14,0.01,1,NULL,NULL),(2738,'M0426','Flat Panching Meena Churi Soru',10,14,0.01,1,NULL,NULL),(2739,'M0427','Flat Panching Meena Churi Soru',10,14,0.01,1,NULL,NULL),(2740,'M0428','Flat Panching Meena Churi Soru',10,14,0.01,1,NULL,NULL),(2741,'M0429','flat panching mena churi soru',10,14,0.01,1,NULL,NULL),(2742,'M0461','flat panching mena churi majhari ',10,15,0.01,1,NULL,NULL),(2743,'M0464','Flat Panching Meena Churi Majhari ',10,15,0.01,1,NULL,NULL),(2744,'M0465','Flat Panching Meena Churi Majhari ',10,15,0.01,1,NULL,NULL),(2745,'M0543','Half round panching mena churi maghari',10,15,0.01,1,NULL,NULL),(2746,'M0646','Machin chala khal panching mena decaration mini bowti maghari',10,13,0.01,1,NULL,NULL),(2747,'M2026','13MM panching mina patla',10,16,0.01,1,NULL,NULL),(2748,'X0282','Both Side Thokai dd mena churi chowrah',10,9,0.01,1,NULL,NULL),(2749,'F0312','fancy noa',11,21,0.01,1,NULL,NULL),(2750,'H1831','HOLLOW',11,21,0.01,1,NULL,NULL),(2751,'H1832','HOLLO',11,21,0.01,1,NULL,NULL),(2752,'H1833','HOLO',11,21,0.01,1,NULL,NULL),(2753,'H1986','HOLLOW',11,22,0.01,1,NULL,NULL),(2754,'H2102','Hollow',11,21,0.01,1,NULL,NULL),(2755,'H2103','Hollow',11,21,0.01,1,NULL,NULL),(2756,'H2104','HOLLOW',11,21,0.01,1,NULL,NULL),(2757,'H2105','HOLLOW',11,21,0.01,1,NULL,NULL),(2758,'H2106','HOLLOW',11,21,0.01,1,NULL,NULL),(2759,'H1702','Holo 3MM Churi',12,9,0.01,1,NULL,NULL),(2760,'H1703','Holo 3MM Churi',12,9,0.01,1,NULL,NULL),(2761,'H1704','Holo 3MM Churi',12,9,0.01,1,NULL,NULL),(2762,'H1705','Holo 3MM Churi',12,9,0.01,1,NULL,NULL),(2763,'H1706','Holo 3MM Churi',12,9,0.01,1,NULL,NULL),(2764,'H1707','Holo 3MM Churi',12,9,0.01,1,NULL,NULL),(2765,'H1708','Holo 3MM Churi',12,9,0.01,1,NULL,NULL),(2766,'H1709','Holo 3MM Churi',12,9,0.01,1,NULL,NULL),(2767,'H1710','Holo 3MM Churi',12,9,0.01,1,NULL,NULL),(2768,'H1711','Holo 3MM Churi',12,10,0.01,1,NULL,NULL),(2769,'H1712','Holo 3MM Churi',12,10,0.01,1,NULL,NULL),(2770,'H1713','Holo 3MM Churi',12,10,0.01,1,NULL,NULL),(2771,'H1714','Holo 3MM Churi',12,10,0.01,1,NULL,NULL),(2772,'H1715','Holo 3MM Churi',12,10,0.01,1,NULL,NULL),(2773,'H1716','Holo 3MM Churi',12,10,0.01,1,NULL,NULL),(2774,'H1717','Holo 3MM Churi',12,10,0.01,1,NULL,NULL),(2775,'H1718','Holo 3MM Churi',12,10,0.01,1,NULL,NULL),(2776,'H1719','Holo 3MM Churi',12,10,0.01,1,NULL,NULL),(2777,'H1720','Holo 3MM Churi',12,10,0.01,1,NULL,NULL),(2778,'H1721','Holo 3MM Decaration Mina Churi',12,11,0.01,1,NULL,NULL),(2779,'H1722','Holo 3MM Decaration Mina Churi',12,11,0.01,1,NULL,NULL),(2780,'H1723','Holo 3MM Decaration Mina Churi',12,11,0.01,1,NULL,NULL),(2781,'H1724','Holo 3MM Decaration Mina Churi',12,11,0.01,1,NULL,NULL),(2782,'H1725','Holo 3MM Decaration Mina Churi',12,11,0.01,1,NULL,NULL),(2783,'H1726','Holo 3MM Decaration Mina Churi',12,11,0.01,1,NULL,NULL),(2784,'H1727','Holo 3MM Decaration Mina Churi',12,11,0.01,1,NULL,NULL),(2785,'H1728','Holo 3MM Decaration Mina Churi',12,11,0.01,1,NULL,NULL),(2786,'H1729','Holo 3MM Decaration Mina Churi',12,11,0.01,1,NULL,NULL),(2787,'H1730','Holo 3MM Decaration Mina Churi',12,11,0.01,1,NULL,NULL),(2788,'H1734','Holo 4MM Churi',12,10,0.01,1,NULL,NULL),(2789,'H1735','Holo 4MM Churi',12,10,0.01,1,NULL,NULL),(2790,'H1736','Holo 4MM Churi',12,10,0.01,1,NULL,NULL),(2791,'H1737','Holo 4MM Churi',12,10,0.01,1,NULL,NULL),(2792,'H1738','Holo 4MM Churi',12,10,0.01,1,NULL,NULL),(2793,'H1739','Holo 4MM Churi',12,10,0.01,1,NULL,NULL),(2794,'H1740','Holo 4MM Churi',12,10,0.01,1,NULL,NULL),(2795,'H1741','Holo 4MM Churi',12,10,0.01,1,NULL,NULL),(2796,'H1742','Holo 4MM Churi',12,10,0.01,1,NULL,NULL),(2797,'H1743','Holo 4MM Churi',12,10,0.01,1,NULL,NULL),(2798,'H1744','Holo 4MM Decaration Churi',12,11,0.01,1,NULL,NULL),(2799,'H1745','Holo 4MM Decaration Churi',12,11,0.01,1,NULL,NULL),(2800,'H1746','Holo 4MM Decaration Churi',12,11,0.01,1,NULL,NULL),(2801,'H1747','Holo 4MM Decaration Churi',12,11,0.01,1,NULL,NULL),(2802,'H1748','Holo 4MM Decaration Churi',12,11,0.01,1,NULL,NULL),(2803,'H1749','Holo 4MM Decaration Churi',12,11,0.01,1,NULL,NULL),(2804,'H1750','Holo 4MM Decaration Churi',12,11,0.01,1,NULL,NULL),(2805,'H1751','Holo 4MM Decaration Churi',12,11,0.01,1,NULL,NULL),(2806,'H1752','Holo 4MM Decaration Churi',12,11,0.01,1,NULL,NULL),(2807,'H1753','Holo 4MM Decaration Churi',12,11,0.01,1,NULL,NULL),(2808,'H1754','Holo 4MM Decaration Mina churi',12,12,0.01,1,NULL,NULL),(2809,'H1755','Holo 4MM Decaration Mina churi',12,12,0.01,1,NULL,NULL),(2810,'H1756','Holo 4MM Decaration Mina churi',12,12,0.01,1,NULL,NULL),(2811,'H1757','Holo 4MM Decaration Mina churi',12,12,0.01,1,NULL,NULL),(2812,'H1758','Holo 4MM Decaration Mina churi',12,12,0.01,1,NULL,NULL),(2813,'H1759','Holo 4MM Decaration Mina churi',12,12,0.01,1,NULL,NULL),(2814,'H1760','Holo 4MM Decaration Mina churi',12,12,0.01,1,NULL,NULL),(2815,'H1761','Holo 4MM Decaration Mina churi',12,12,0.01,1,NULL,NULL),(2816,'H1762','Holo 4MM Decaration Mina churi',12,12,0.01,1,NULL,NULL),(2817,'H1763','Holo 4MM Decaration Mina churi',12,12,0.01,1,NULL,NULL),(2818,'H1767','Holo 5MM Churi',12,11,0.01,1,NULL,NULL),(2819,'H1768','Holo 5MM Churi',12,11,0.01,1,NULL,NULL),(2820,'H1769','Holo 5MM Churi',12,11,0.01,1,NULL,NULL),(2821,'H1770','Holo 5MM Churi',12,11,0.01,1,NULL,NULL),(2822,'H1771','Holo 5MM Churi',12,11,0.01,1,NULL,NULL),(2823,'H1772','Holo 5MM Churi',12,11,0.01,1,NULL,NULL),(2824,'H1773','Holo 5MM Churi',12,11,0.01,1,NULL,NULL),(2825,'H1774','Holo 5MM Churi',12,11,0.01,1,NULL,NULL),(2826,'H1775','Holo 5MM Churi',12,11,0.01,1,NULL,NULL),(2827,'H1776','Holo 3MM Churi',12,11,0.01,1,NULL,NULL),(2828,'H1777','Holo 5MM Decaration Churi',12,12,0.01,1,NULL,NULL),(2829,'H1778','Holo 5MM Decaration Churi',12,12,0.01,1,NULL,NULL),(2830,'H1779','Holo 5MM Decaration Churi',12,12,0.01,1,NULL,NULL),(2831,'H1780','Holo 5MM Decaration Churi',12,12,0.01,1,NULL,NULL),(2832,'H1781','Holo 5MM Decaration Churi',12,12,0.01,1,NULL,NULL),(2833,'H1782','Holo 5MM Decaration Churi',12,12,0.01,1,NULL,NULL),(2834,'H1783','Holo 5MM Decaration Churi',12,12,0.01,1,NULL,NULL),(2835,'H1784','Holo 5MM Decaration Churi',12,12,0.01,1,NULL,NULL),(2836,'H1785','Holo 5MM Decaration Churi',12,12,0.01,1,NULL,NULL),(2837,'H1786','Holo 5MM Decaration Churi',12,12,0.01,1,NULL,NULL),(2838,'H1787','Holo 5MM Decaration Mina Churi',12,13,0.01,1,NULL,NULL),(2839,'H1788','Holo 5MM Decaration Mina Churi',12,13,0.01,1,NULL,NULL),(2840,'H1789','Holo 5MM Decaration Mina Churi',12,13,0.01,1,NULL,NULL),(2841,'H1790','Holo 5MM Decaration Mina Churi',12,13,0.01,1,NULL,NULL),(2842,'H1791','Holo 5MM Decaration Mina Churi',12,13,0.01,1,NULL,NULL),(2843,'H1792','Holo 5MM Decaration Mina Churi',12,13,0.01,1,NULL,NULL),(2844,'H1793','Holo 5MM Decaration Mina Churi',12,13,0.01,1,NULL,NULL),(2845,'H1794','Holo 5MM Decaration Mina Churi',12,13,0.01,1,NULL,NULL),(2846,'H1795','Holo 5MM Decaration Mina Churi',12,13,0.01,1,NULL,NULL),(2847,'H1796','Holo 5MM Decaration Mina Churi',12,13,0.01,1,NULL,NULL),(2848,'H1801','Holo 6MM Churi',12,21,0.01,1,NULL,NULL),(2849,'H1802','Holo 6MM Churi',12,21,0.01,1,NULL,NULL),(2850,'H1803','Holo 6MM Churi',12,21,0.01,1,NULL,NULL),(2851,'H1804','Holo 6MM Churi',12,21,0.01,1,NULL,NULL),(2852,'H1805','Holo 6MM Churi',12,21,0.01,1,NULL,NULL),(2853,'H1806','Holo 6MM Churi',12,22,0.01,1,NULL,NULL),(2854,'H1807','Holo 6MM Churi',12,21,0.01,1,NULL,NULL),(2855,'H1808','Holo 6MM Churi',12,21,0.01,1,NULL,NULL),(2856,'H1809','Holo 6MM Churi',12,21,0.01,1,NULL,NULL),(2857,'H1810','Holo 6MM Churi',12,21,0.01,1,NULL,NULL),(2858,'H1811','Holo 6MM Decaration Mina Churi',12,21,0.01,1,NULL,NULL),(2859,'H1812','Holo 6MM Decaration Churi',12,21,0.01,1,NULL,NULL),(2860,'H1813','Holo 6MM Decaration Churi',12,21,0.01,1,NULL,NULL),(2861,'H1814','Holo 6MM Decaration Churi',12,21,0.01,1,NULL,NULL),(2862,'H1815','Holo 6MM Decaration Churi',12,21,0.01,1,NULL,NULL),(2863,'H1816','Holo 6MM Decaration Churi',12,21,0.01,1,NULL,NULL),(2864,'H1817','Holo 6MM Decaration Churi',12,21,0.01,1,NULL,NULL),(2865,'H1818','Holo 6MM Decaration Churi',12,21,0.01,1,NULL,NULL),(2866,'H1819','Holo 6MM Decaration Churi',12,21,0.01,1,NULL,NULL),(2867,'H1820','Holo 6MM Decaration Churi',12,21,0.01,1,NULL,NULL),(2868,'H1821','Holo 6MM Decaration Mina Churi',12,21,0.01,1,NULL,NULL),(2869,'H1822','Holo 6MM Decaration Mina Churi',12,22,0.01,1,NULL,NULL),(2870,'H1823','Holo 6MM Decaration Mina Churi',12,21,0.01,1,NULL,NULL),(2871,'H1824','Holo 6MM Decaration Mina Churi',12,21,0.01,1,NULL,NULL),(2872,'H1825','Holo 6MM Decaration Mina Churi',12,21,0.01,1,NULL,NULL),(2873,'H1826','Holo 6MM Decaration Mina Churi',12,21,0.01,1,NULL,NULL),(2874,'H1827','Holo 6MM Decaration Mina Churi',12,21,0.01,1,NULL,NULL),(2875,'H1828','Holo 6MM Decaration Mina Churi',12,21,0.01,1,NULL,NULL),(2876,'H1829','Holo 6MM Decaration Mina Churi',12,21,0.01,1,NULL,NULL),(2877,'H1830','Holo 6MM Decaration Mina Churi',12,21,0.01,1,NULL,NULL),(2878,'H1834','Holo 7MM Churi',12,21,0.01,1,NULL,NULL),(2879,'H1835','Holo 7MM Churi',12,21,0.01,1,NULL,NULL),(2880,'H1836','Holo 7MM Churi',12,21,0.01,1,NULL,NULL),(2881,'H1837','Holo 7MM Churi',12,21,0.01,1,NULL,NULL),(2882,'H1838','Holo 7MM Churi',12,21,0.01,1,NULL,NULL),(2883,'H1839','Holo 7MM Churi',12,21,0.01,1,NULL,NULL),(2884,'H1841','Holo 7MM Churi',12,21,0.01,1,NULL,NULL),(2885,'H1842','Holo 7MM Churi',12,21,0.01,1,NULL,NULL),(2886,'H1843','Holo 7MM Churi',12,21,0.01,1,NULL,NULL),(2887,'H1844','Holo 7MM Decaration Churi',12,21,0.01,1,NULL,NULL),(2888,'H1845','Holo 7MM Decaration Churi',12,21,0.01,1,NULL,NULL),(2889,'H1846','Holo 7MM Decaration Churi',12,21,0.01,1,NULL,NULL),(2890,'H1847','Holo 7MM Decaration Churi',12,21,0.01,1,NULL,NULL),(2891,'H1848','Holo 7MM Decaration Churi',12,21,0.01,1,NULL,NULL),(2892,'H1849','Holo 7MM Decaration Churi',12,21,0.01,1,NULL,NULL),(2893,'H1850','Holo 7MM Decaration Churi',12,21,0.01,1,NULL,NULL),(2894,'H1851','Holo 7MM Decoration Churi',12,22,0.01,1,NULL,NULL),(2895,'H1852','Holo 7MM Decaration Churi',12,21,0.01,1,NULL,NULL),(2896,'H1853','Holo 7MM Decaration Churi',12,21,0.01,1,NULL,NULL),(2897,'H1854','Holo 7MM Decaration Mina Churi',12,21,0.01,1,NULL,NULL),(2898,'H1855','Holo 7MM Decaration Mina Churi',12,22,0.01,1,NULL,NULL),(2899,'H1856','Holo 7MM Decaration Mina Churi',12,22,0.01,1,NULL,NULL),(2900,'H1857','Holo 7MM Decaration Mina Churi',12,22,0.01,1,NULL,NULL),(2901,'H1858','Holo 7MM Decaration Mina Churi',12,22,0.01,1,NULL,NULL),(2902,'H1859','Holo 7MM Decaration Mina Churi',12,22,0.01,1,NULL,NULL),(2903,'H1860','Holo 7MM Decaration Mina Churi',12,22,0.01,1,NULL,NULL),(2904,'H1861','Holo 7MM Decaration Mina Churi',12,22,0.01,1,NULL,NULL),(2905,'H1862','Holo 7MM Decaration Mina Churi',12,21,0.01,1,NULL,NULL),(2906,'H1863','Holo 7MM Decaration Mina Churi',12,21,0.01,1,NULL,NULL),(2907,'H1867','Holo 8MM Churi',12,21,0.01,1,NULL,NULL),(2908,'H1868','Holo 8MM Churi',12,21,0.01,1,NULL,NULL),(2909,'H1869','Holo 8MM Churi',12,21,0.01,1,NULL,NULL),(2910,'H1870','Holo 8MM Churi',12,21,0.01,1,NULL,NULL),(2911,'H1871','Holo 8MM Churi',12,21,0.01,1,NULL,NULL),(2912,'H1872','Holo 8MM Churi',12,21,0.01,1,NULL,NULL),(2913,'H1873','Holo 8MM Churi',12,21,0.01,1,NULL,NULL),(2914,'H1874','Holo 8MM Churi',12,21,0.01,1,NULL,NULL),(2915,'H1875','Holo 8MM Churi',12,21,0.01,1,NULL,NULL),(2916,'H1876','Holo 8MM Churi',12,21,0.01,1,NULL,NULL),(2917,'H1877','Holo 8MM Decaration  Churi',12,21,0.01,1,NULL,NULL),(2918,'H1878','Holo 8MM Decaration  Churi',12,22,0.01,1,NULL,NULL),(2919,'H1879','Holo 8MM Decaration  Churi',12,22,0.01,1,NULL,NULL),(2920,'H1880','Holo 8MM Decaration  Churi',12,22,0.01,1,NULL,NULL),(2921,'H1881','Holo 8MM Decaration  Churi',12,22,0.01,1,NULL,NULL),(2922,'H1882','Holo 8MM Decaration  Churi',12,21,0.01,1,NULL,NULL),(2923,'H1883','Holo 8MM Decaration  Churi',12,22,0.01,1,NULL,NULL),(2924,'H1884','Holo 8MM Decaration Mina Churi',12,22,0.01,1,NULL,NULL),(2925,'H1885','Holo 8MM Decaration  Churi',12,22,0.01,1,NULL,NULL),(2926,'H1886','Holo 8MM Decaration  Churi',12,22,0.01,1,NULL,NULL),(2927,'H1887','Holo 8 M.M.Decoration Mina Churi',12,22,0.01,1,NULL,NULL),(2928,'H1888','Holo 8MM Decaration Mina  churi',12,22,0.01,1,NULL,NULL),(2929,'H1889','Holo 8MM Decaration Mina  churi',12,22,0.01,1,NULL,NULL),(2930,'H1890','Holo 8MM Decaration Mina  churi',12,22,0.01,1,NULL,NULL),(2931,'H1891','Holo 8MM Decaration Mina  churi',12,22,0.01,1,NULL,NULL),(2932,'H1892','Holo 8MM Decaration Mina  churi',12,22,0.01,1,NULL,NULL),(2933,'H1893','Holo 8MM Decaration Mina  churi',12,22,0.01,1,NULL,NULL),(2934,'H1894','Holo 8MM Decaration Mina  churi',12,22,0.01,1,NULL,NULL),(2935,'H1895','Holo 8MM Decaration Mina  churi',12,22,0.01,1,NULL,NULL),(2936,'H1896','Holo 8MM Decaration Mina  churi',12,22,0.01,1,NULL,NULL),(2937,'H1897','Holo 8MM Decaration Mina  churi',12,22,0.01,1,NULL,NULL),(2938,'H1898','Holo 9MM Decaration Mina  Churi',12,22,0.01,1,NULL,NULL),(2939,'H1899','Holo 9MM Decaration Mina  Churi',12,22,0.01,1,NULL,NULL),(2940,'H1901','Holo 9MM Churi',12,22,0.01,1,NULL,NULL),(2941,'H1902','Holo 9MM Churi',12,22,0.01,1,NULL,NULL),(2942,'H1903','Holo 9MM Churi',12,22,0.01,1,NULL,NULL),(2943,'H1904','Holo 9MM Churi',12,22,0.01,1,NULL,NULL),(2944,'H1905','Holo 9MM Churi',12,22,0.01,1,NULL,NULL),(2945,'H1906','Holo 9MM Churi',12,22,0.01,1,NULL,NULL),(2946,'H1907','Holo 9MM Churi',12,22,0.01,1,NULL,NULL),(2947,'H1908','Holo 9MM Churi',12,22,0.01,1,NULL,NULL),(2948,'H1909','Holo 9MM Churi',12,21,0.01,1,NULL,NULL),(2949,'H1910','Holo 9MM Churi',12,22,0.01,1,NULL,NULL),(2950,'H1911','Holo 9MM Decoration  Churi',12,22,0.01,1,NULL,NULL),(2951,'H1912','Holo 9MM Decaration  Churi',12,22,0.01,1,NULL,NULL),(2952,'H1913','Holo 9MM Decaration  Churi',12,22,0.01,1,NULL,NULL),(2953,'H1914','Holo 9MM Decaration  Churi',12,22,0.01,1,NULL,NULL),(2954,'H1915','Holo 9MM Decaration  Churi',12,22,0.01,1,NULL,NULL),(2955,'H1916','Holo 9MM Decaration  Churi',12,22,0.01,1,NULL,NULL),(2956,'H1917','Holo 9MM Decaration  Churi',12,22,0.01,1,NULL,NULL),(2957,'H1918','Holo 9MM Decaration  Churi',12,22,0.01,1,NULL,NULL),(2958,'H1919','Holo 9MM Decoration  Churi',12,22,0.01,1,NULL,NULL),(2959,'H1920','Holo 9MM Decoration  Churi',12,22,0.01,1,NULL,NULL),(2960,'H1921','Holo 9MM Decaration Mina  Churi',12,22,0.01,1,NULL,NULL),(2961,'H1922','Holo 9MM Decoration  Churi',12,22,0.01,1,NULL,NULL),(2962,'H1923','Holo 9MM Decaration Mina  Churi',12,22,0.01,1,NULL,NULL),(2963,'H1924','Holo 9MM Decaration Mina  Churi',12,22,0.01,1,NULL,NULL),(2964,'H1925','Holo 9MM Decaration Mina  Churi',12,22,0.01,1,NULL,NULL),(2965,'H1926','Holo 9MM Decaration Mina  Churi',12,22,0.01,1,NULL,NULL),(2966,'H1927','Holo 9MM Decaration Mina  Churi',12,22,0.01,1,NULL,NULL),(2967,'H1928','Holo 9MM Decaration Mina  Churi',12,22,0.01,1,NULL,NULL),(2968,'H1929','Holo 9MM Decaration Mina  Churi',12,22,0.01,1,NULL,NULL),(2969,'H1930','Holo 9MM Decaration Mina  Churi',12,22,0.01,1,NULL,NULL),(2970,'H1931','Holo 9MM Decaration Mina  Churi',12,22,0.01,1,NULL,NULL),(2971,'H1932','Holo 10MM Churi',12,22,0.01,1,NULL,NULL),(2972,'H1933','Holo 10MM Churi',12,22,0.01,1,NULL,NULL),(2973,'H1934','Holo 10MM Churi',12,22,0.01,1,NULL,NULL),(2974,'H1935','Holo 10MM Churi',12,22,0.01,1,NULL,NULL),(2975,'H1936','Holo 10MM Churi',12,22,0.01,1,NULL,NULL),(2976,'H1937','Holo 10MM Churi',12,22,0.01,1,NULL,NULL),(2977,'H1938','Holo 10MM Churi',12,22,0.01,1,NULL,NULL),(2978,'H1939','Holo 10MM Churi',12,22,0.01,1,NULL,NULL),(2979,'H1940','Holo 10MM Churi',12,22,0.01,1,NULL,NULL);
/*!40000 ALTER TABLE `products` ENABLE KEYS */;
UNLOCK TABLES;

--
-- Table structure for table `rates`
--

DROP TABLE IF EXISTS `rates`;
/*!40101 SET @saved_cs_client     = @@character_set_client */;
/*!50503 SET character_set_client = utf8mb4 */;
CREATE TABLE `rates` (
  `id` bigint unsigned NOT NULL AUTO_INCREMENT,
  `price_code_id` bigint unsigned NOT NULL,
  `price` int NOT NULL,
  `p_loss` double NOT NULL,
  `customer_category_id` bigint unsigned NOT NULL,
  `inforced` tinyint NOT NULL DEFAULT '1',
  `created_at` timestamp NULL DEFAULT NULL,
  `updated_at` timestamp NULL DEFAULT NULL,
  PRIMARY KEY (`id`),
  KEY `rates_price_code_id_foreign` (`price_code_id`),
  KEY `rates_customer_category_id_foreign` (`customer_category_id`),
  CONSTRAINT `rates_customer_category_id_foreign` FOREIGN KEY (`customer_category_id`) REFERENCES `customer_categories` (`id`),
  CONSTRAINT `rates_price_code_id_foreign` FOREIGN KEY (`price_code_id`) REFERENCES `price_codes` (`id`)
) ENGINE=InnoDB AUTO_INCREMENT=137 DEFAULT CHARSET=utf8mb4 COLLATE=utf8mb4_unicode_ci;
/*!40101 SET character_set_client = @saved_cs_client */;

--
-- Dumping data for table `rates`
--

LOCK TABLES `rates` WRITE;
/*!40000 ALTER TABLE `rates` DISABLE KEYS */;
INSERT INTO `rates` VALUES (1,1,280,0.129,1,1,'2021-12-24 10:32:12','2021-12-24 10:32:12'),(2,2,300,0.139,1,1,'2021-12-24 10:32:12','2021-12-24 10:32:12'),(3,3,320,0.149,1,1,'2021-12-24 10:32:12','2021-12-24 10:32:12'),(4,4,340,0.159,1,1,'2021-12-24 10:32:12','2021-12-24 10:32:12'),(5,5,360,0.169,1,1,'2021-12-24 10:32:12','2021-12-24 10:32:12'),(6,6,380,0.179,1,1,'2021-12-24 10:32:13','2021-12-24 10:32:13'),(7,7,400,0.189,1,1,'2021-12-24 10:32:13','2021-12-24 10:32:13'),(8,8,420,0.199,1,1,'2021-12-24 10:32:13','2021-12-24 10:32:13'),(9,9,440,0.209,1,1,'2021-12-24 10:32:13','2021-12-24 10:32:13'),(10,10,460,0.219,1,1,'2021-12-24 10:32:13','2021-12-24 10:32:13'),(11,11,480,0.229,1,1,'2021-12-24 10:32:13','2021-12-24 10:32:13'),(12,12,500,0.239,1,1,'2021-12-24 10:32:13','2021-12-24 10:32:13'),(13,13,520,0.249,1,1,'2021-12-24 10:32:13','2021-12-24 10:32:13'),(14,14,540,0.259,1,1,'2021-12-24 10:32:13','2021-12-24 10:32:13'),(15,15,560,0.269,1,1,'2021-12-24 10:32:13','2021-12-24 10:32:13'),(16,16,580,0.59,1,1,'2021-12-24 10:32:13','2021-12-24 10:32:13'),(17,17,600,0.649,1,1,'2021-12-24 10:32:14','2021-12-24 10:32:14'),(18,18,620,0.699,1,1,'2021-12-24 10:32:14','2021-12-24 10:32:14'),(19,19,640,0.255,1,1,'2021-12-24 10:32:14','2021-12-24 10:32:14'),(20,20,660,0.275,1,1,'2021-12-24 10:32:14','2021-12-24 10:32:14'),(21,21,680,0.295,1,1,'2021-12-24 10:32:14','2021-12-24 10:32:14'),(22,22,700,0.315,1,1,'2021-12-24 10:32:14','2021-12-24 10:32:14'),(23,23,720,0.335,1,1,'2021-12-24 10:32:14','2021-12-24 10:32:14'),(24,24,740,0.355,1,1,'2021-12-24 10:32:14','2021-12-24 10:32:14'),(25,25,760,0.375,1,1,'2021-12-24 10:32:14','2021-12-24 10:32:14'),(26,26,780,0.395,1,1,'2021-12-24 10:32:14','2021-12-24 10:32:14'),(27,27,290,0.415,1,1,'2021-12-24 10:32:14','2021-12-24 10:32:14'),(28,28,440,0.435,1,1,'2021-12-24 10:32:15','2021-12-24 10:32:15'),(29,29,460,0.455,1,1,'2021-12-24 10:32:15','2021-12-24 10:32:15'),(30,30,480,0.475,1,1,'2021-12-24 10:32:15','2021-12-24 10:32:15'),(31,31,500,0.495,1,1,'2021-12-24 10:32:15','2021-12-24 10:32:15'),(32,32,520,0.515,1,1,'2021-12-24 10:32:15','2021-12-24 10:32:15'),(33,33,540,0.535,1,1,'2021-12-24 10:32:15','2021-12-24 10:32:15'),(34,34,560,0.555,1,1,'2021-12-24 10:32:15','2021-12-24 10:32:15'),(35,1,330,0.129,2,1,'2021-12-24 10:32:15','2021-12-24 10:32:15'),(36,2,350,0.139,2,1,'2021-12-24 10:32:15','2021-12-24 10:32:15'),(37,3,370,0.149,2,1,'2021-12-24 10:32:15','2021-12-24 10:32:15'),(38,4,390,0.159,2,1,'2021-12-24 10:32:16','2021-12-24 10:32:16'),(39,5,410,0.169,2,1,'2021-12-24 10:32:16','2021-12-24 10:32:16'),(40,6,430,0.179,2,1,'2021-12-24 10:32:16','2021-12-24 10:32:16'),(41,7,450,0.189,2,1,'2021-12-24 10:32:16','2021-12-24 10:32:16'),(42,8,470,0.199,2,1,'2021-12-24 10:32:16','2021-12-24 10:32:16'),(43,9,490,0.209,2,1,'2021-12-24 10:32:16','2021-12-24 10:32:16'),(44,10,510,0.219,2,1,'2021-12-24 10:32:16','2021-12-24 10:32:16'),(45,11,530,0.229,2,1,'2021-12-24 10:32:16','2021-12-24 10:32:16'),(46,12,550,0.239,2,1,'2021-12-24 10:32:16','2021-12-24 10:32:16'),(47,13,570,0.249,2,1,'2021-12-24 10:32:16','2021-12-24 10:32:16'),(48,14,590,0.259,2,1,'2021-12-24 10:32:17','2021-12-24 10:32:17'),(49,15,610,0.269,2,1,'2021-12-24 10:32:17','2021-12-24 10:32:17'),(50,16,630,0.59,2,1,'2021-12-24 10:32:17','2021-12-24 10:32:17'),(51,17,650,0.649,2,1,'2021-12-24 10:32:17','2021-12-24 10:32:17'),(52,18,670,0.699,2,1,'2021-12-24 10:32:17','2021-12-24 10:32:17'),(53,19,690,0.255,2,1,'2021-12-24 10:32:17','2021-12-24 10:32:17'),(54,20,710,0.275,2,1,'2021-12-24 10:32:17','2021-12-24 10:32:17'),(55,21,730,0.295,2,1,'2021-12-24 10:32:17','2021-12-24 10:32:17'),(56,22,750,0.315,2,1,'2021-12-24 10:32:17','2021-12-24 10:32:17'),(57,23,770,0.335,2,1,'2021-12-24 10:32:17','2021-12-24 10:32:17'),(58,24,790,0.355,2,1,'2021-12-24 10:32:18','2021-12-24 10:32:18'),(59,25,810,0.375,2,1,'2021-12-24 10:32:18','2021-12-24 10:32:18'),(60,26,830,0.395,2,1,'2021-12-24 10:32:18','2021-12-24 10:32:18'),(61,27,340,0.415,2,1,'2021-12-24 10:32:18','2021-12-24 10:32:18'),(62,28,490,0.435,2,1,'2021-12-24 10:32:18','2021-12-24 10:32:18'),(63,29,510,0.455,2,1,'2021-12-24 10:32:18','2021-12-24 10:32:18'),(64,30,530,0.475,2,1,'2021-12-24 10:32:18','2021-12-24 10:32:18'),(65,31,550,0.495,2,1,'2021-12-24 10:32:18','2021-12-24 10:32:18'),(66,32,570,0.515,2,1,'2021-12-24 10:32:18','2021-12-24 10:32:18'),(67,33,590,0.535,2,1,'2021-12-24 10:32:18','2021-12-24 10:32:18'),(68,34,610,0.555,2,1,'2021-12-24 10:32:19','2021-12-24 10:32:19'),(69,1,380,0.129,3,1,'2021-12-24 10:32:19','2021-12-24 10:32:19'),(70,2,400,0.139,3,1,'2021-12-24 10:32:19','2021-12-24 10:32:19'),(71,3,420,0.149,3,1,'2021-12-24 10:32:19','2021-12-24 10:32:19'),(72,4,440,0.159,3,1,'2021-12-24 10:32:19','2021-12-24 10:32:19'),(73,5,460,0.169,3,1,'2021-12-24 10:32:19','2021-12-24 10:32:19'),(74,6,480,0.179,3,1,'2021-12-24 10:32:19','2021-12-24 10:32:19'),(75,7,500,0.189,3,1,'2021-12-24 10:32:19','2021-12-24 10:32:19'),(76,8,520,0.199,3,1,'2021-12-24 10:32:19','2021-12-24 10:32:19'),(77,9,540,0.209,3,1,'2021-12-24 10:32:19','2021-12-24 10:32:19'),(78,10,560,0.219,3,1,'2021-12-24 10:32:20','2021-12-24 10:32:20'),(79,11,580,0.229,3,1,'2021-12-24 10:32:20','2021-12-24 10:32:20'),(80,12,600,0.239,3,1,'2021-12-24 10:32:20','2021-12-24 10:32:20'),(81,13,620,0.249,3,1,'2021-12-24 10:32:20','2021-12-24 10:32:20'),(82,14,640,0.259,3,1,'2021-12-24 10:32:20','2021-12-24 10:32:20'),(83,15,660,0.269,3,1,'2021-12-24 10:32:20','2021-12-24 10:32:20'),(84,16,680,0.59,3,1,'2021-12-24 10:32:20','2021-12-24 10:32:20'),(85,17,700,0.649,3,1,'2021-12-24 10:32:20','2021-12-24 10:32:20'),(86,18,720,0.699,3,1,'2021-12-24 10:32:20','2021-12-24 10:32:20'),(87,19,740,0.255,3,1,'2021-12-24 10:32:20','2021-12-24 10:32:20'),(88,20,760,0.275,3,1,'2021-12-24 10:32:21','2021-12-24 10:32:21'),(89,21,780,0.295,3,1,'2021-12-24 10:32:21','2021-12-24 10:32:21'),(90,22,800,0.315,3,1,'2021-12-24 10:32:21','2021-12-24 10:32:21'),(91,23,820,0.335,3,1,'2021-12-24 10:32:21','2021-12-24 10:32:21'),(92,24,840,0.355,3,1,'2021-12-24 10:32:21','2021-12-24 10:32:21'),(93,25,860,0.375,3,1,'2021-12-24 10:32:21','2021-12-24 10:32:21'),(94,26,880,0.395,3,1,'2021-12-24 10:32:21','2021-12-24 10:32:21'),(95,27,390,0.415,3,1,'2021-12-24 10:32:21','2021-12-24 10:32:21'),(96,28,540,0.435,3,1,'2021-12-24 10:32:21','2021-12-24 10:32:21'),(97,29,560,0.455,3,1,'2021-12-24 10:32:21','2021-12-24 10:32:21'),(98,30,580,0.475,3,1,'2021-12-24 10:32:22','2021-12-24 10:32:22'),(99,31,600,0.495,3,1,'2021-12-24 10:32:22','2021-12-24 10:32:22'),(100,32,620,0.515,3,1,'2021-12-24 10:32:22','2021-12-24 10:32:22'),(101,33,640,0.535,3,1,'2021-12-24 10:32:22','2021-12-24 10:32:22'),(102,34,660,0.555,3,1,'2021-12-24 10:32:22','2021-12-24 10:32:22'),(103,1,430,0.129,4,1,'2021-12-24 10:32:22','2021-12-24 10:32:22'),(104,2,450,0.139,4,1,'2021-12-24 10:32:22','2021-12-24 10:32:22'),(105,3,470,0.149,4,1,'2021-12-24 10:32:22','2021-12-24 10:32:22'),(106,4,490,0.159,4,1,'2021-12-24 10:32:22','2021-12-24 10:32:22'),(107,5,510,0.169,4,1,'2021-12-24 10:32:23','2021-12-24 10:32:23'),(108,6,530,0.179,4,1,'2021-12-24 10:32:23','2021-12-24 10:32:23'),(109,7,550,0.189,4,1,'2021-12-24 10:32:23','2021-12-24 10:32:23'),(110,8,570,0.199,4,1,'2021-12-24 10:32:23','2021-12-24 10:32:23'),(111,9,590,0.209,4,1,'2021-12-24 10:32:23','2021-12-24 10:32:23'),(112,10,610,0.219,4,1,'2021-12-24 10:32:23','2021-12-24 10:32:23'),(113,11,630,0.229,4,1,'2021-12-24 10:32:23','2021-12-24 10:32:23'),(114,12,650,0.239,4,1,'2021-12-24 10:32:23','2021-12-24 10:32:23'),(115,13,670,0.249,4,1,'2021-12-24 10:32:23','2021-12-24 10:32:23'),(116,14,690,0.259,4,1,'2021-12-24 10:32:24','2021-12-24 10:32:24'),(117,15,710,0.269,4,1,'2021-12-24 10:32:24','2021-12-24 10:32:24'),(118,16,730,0.59,4,1,'2021-12-24 10:32:24','2021-12-24 10:32:24'),(119,17,750,0.649,4,1,'2021-12-24 10:32:24','2021-12-24 10:32:24'),(120,18,770,0.699,4,1,'2021-12-24 10:32:24','2021-12-24 10:32:24'),(121,19,790,0.255,4,1,'2021-12-24 10:32:24','2021-12-24 10:32:24'),(122,20,810,0.275,4,1,'2021-12-24 10:32:24','2021-12-24 10:32:24'),(123,21,830,0.295,4,1,'2021-12-24 10:32:25','2021-12-24 10:32:25'),(124,22,850,0.315,4,1,'2021-12-24 10:32:25','2021-12-24 10:32:25'),(125,23,870,0.335,4,1,'2021-12-24 10:32:25','2021-12-24 10:32:25'),(126,24,890,0.355,4,1,'2021-12-24 10:32:25','2021-12-24 10:32:25'),(127,25,910,0.375,4,1,'2021-12-24 10:32:25','2021-12-24 10:32:25'),(128,26,930,0.395,4,1,'2021-12-24 10:32:25','2021-12-24 10:32:25'),(129,27,440,0.415,4,1,'2021-12-24 10:32:25','2021-12-24 10:32:25'),(130,28,590,0.435,4,1,'2021-12-24 10:32:25','2021-12-24 10:32:25'),(131,29,610,0.455,4,1,'2021-12-24 10:32:25','2021-12-24 10:32:25'),(132,30,630,0.475,4,1,'2021-12-24 10:32:25','2021-12-24 10:32:25'),(133,31,650,0.495,4,1,'2021-12-24 10:32:26','2021-12-24 10:32:26'),(134,32,670,0.515,4,1,'2021-12-24 10:32:26','2021-12-24 10:32:26'),(135,33,690,0.535,4,1,'2021-12-24 10:32:26','2021-12-24 10:32:26'),(136,34,710,0.555,4,1,'2021-12-24 10:32:26','2021-12-24 10:32:26');
/*!40000 ALTER TABLE `rates` ENABLE KEYS */;
UNLOCK TABLES;

--
-- Table structure for table `status_types`
--

DROP TABLE IF EXISTS `status_types`;
/*!40101 SET @saved_cs_client     = @@character_set_client */;
/*!50503 SET character_set_client = utf8mb4 */;
CREATE TABLE `status_types` (
  `id` bigint unsigned NOT NULL,
  `name` varchar(255) COLLATE utf8mb4_unicode_ci NOT NULL,
  `created_at` timestamp NULL DEFAULT NULL,
  `updated_at` timestamp NULL DEFAULT NULL,
  PRIMARY KEY (`id`)
) ENGINE=InnoDB DEFAULT CHARSET=utf8mb4 COLLATE=utf8mb4_unicode_ci;
/*!40101 SET character_set_client = @saved_cs_client */;

--
-- Dumping data for table `status_types`
--

LOCK TABLES `status_types` WRITE;
/*!40000 ALTER TABLE `status_types` DISABLE KEYS */;
INSERT INTO `status_types` VALUES (1,'Started','2021-12-24 10:32:03','2021-12-24 10:32:03'),(40,'Not Started','2021-12-24 10:32:03','2021-12-24 10:32:03'),(100,'Finished','2021-12-24 10:32:03','2021-12-24 10:32:03'),(200,'Stock Created','2021-12-24 10:32:03','2021-12-24 10:32:03'),(300,'Bill Created','2021-12-24 10:32:03','2021-12-24 10:32:03');
/*!40000 ALTER TABLE `status_types` ENABLE KEYS */;
UNLOCK TABLES;

--
-- Table structure for table `stocks`
--

DROP TABLE IF EXISTS `stocks`;
/*!40101 SET @saved_cs_client     = @@character_set_client */;
/*!50503 SET character_set_client = utf8mb4 */;
CREATE TABLE `stocks` (
  `id` bigint unsigned NOT NULL AUTO_INCREMENT,
  `job_master_id` bigint unsigned NOT NULL,
  `agent_id` bigint unsigned NOT NULL DEFAULT '2',
  `tag` varchar(255) COLLATE utf8mb4_unicode_ci NOT NULL,
  `size` varchar(255) COLLATE utf8mb4_unicode_ci NOT NULL,
  `material_id` int NOT NULL,
  `gold` double NOT NULL,
  `gross_weight` double NOT NULL,
  `amount` double NOT NULL,
  `quantity` bigint NOT NULL,
  `in_stock` int NOT NULL DEFAULT '1',
  `created_at` timestamp NULL DEFAULT NULL,
  `updated_at` timestamp NULL DEFAULT NULL,
  PRIMARY KEY (`id`),
  KEY `stocks_job_master_id_foreign` (`job_master_id`),
  KEY `stocks_agent_id_foreign` (`agent_id`),
  CONSTRAINT `stocks_agent_id_foreign` FOREIGN KEY (`agent_id`) REFERENCES `people` (`id`),
  CONSTRAINT `stocks_job_master_id_foreign` FOREIGN KEY (`job_master_id`) REFERENCES `job_masters` (`id`)
) ENGINE=InnoDB DEFAULT CHARSET=utf8mb4 COLLATE=utf8mb4_unicode_ci;
/*!40101 SET character_set_client = @saved_cs_client */;

--
-- Dumping data for table `stocks`
--

LOCK TABLES `stocks` WRITE;
/*!40000 ALTER TABLE `stocks` DISABLE KEYS */;
/*!40000 ALTER TABLE `stocks` ENABLE KEYS */;
UNLOCK TABLES;

--
-- Table structure for table `transaction_types`
--

DROP TABLE IF EXISTS `transaction_types`;
/*!40101 SET @saved_cs_client     = @@character_set_client */;
/*!50503 SET character_set_client = utf8mb4 */;
CREATE TABLE `transaction_types` (
  `id` bigint unsigned NOT NULL AUTO_INCREMENT,
  `transaction_type` varchar(100) COLLATE utf8mb4_unicode_ci NOT NULL,
  `created_at` timestamp NULL DEFAULT NULL,
  `updated_at` timestamp NULL DEFAULT NULL,
  PRIMARY KEY (`id`)
) ENGINE=InnoDB AUTO_INCREMENT=5 DEFAULT CHARSET=utf8mb4 COLLATE=utf8mb4_unicode_ci;
/*!40101 SET character_set_client = @saved_cs_client */;

--
-- Dumping data for table `transaction_types`
--

LOCK TABLES `transaction_types` WRITE;
/*!40000 ALTER TABLE `transaction_types` DISABLE KEYS */;
INSERT INTO `transaction_types` VALUES (1,'Inward','2021-12-24 10:32:12','2021-12-24 10:32:12'),(2,'Outward','2021-12-24 10:32:12','2021-12-24 10:32:12'),(3,'Transferred','2021-12-24 10:32:12','2021-12-24 10:32:12'),(4,'Withdrawal','2021-12-24 10:32:12','2021-12-24 10:32:12');
/*!40000 ALTER TABLE `transaction_types` ENABLE KEYS */;
UNLOCK TABLES;

--
-- Table structure for table `user_types`
--

DROP TABLE IF EXISTS `user_types`;
/*!40101 SET @saved_cs_client     = @@character_set_client */;
/*!50503 SET character_set_client = utf8mb4 */;
CREATE TABLE `user_types` (
  `id` bigint unsigned NOT NULL AUTO_INCREMENT,
  `user_type_name` varchar(255) COLLATE utf8mb4_unicode_ci NOT NULL,
  `inforce` tinyint NOT NULL DEFAULT '1',
  `created_at` timestamp NULL DEFAULT NULL,
  `updated_at` timestamp NULL DEFAULT NULL,
  PRIMARY KEY (`id`)
) ENGINE=InnoDB AUTO_INCREMENT=12 DEFAULT CHARSET=utf8mb4 COLLATE=utf8mb4_unicode_ci;
/*!40101 SET character_set_client = @saved_cs_client */;

--
-- Dumping data for table `user_types`
--

LOCK TABLES `user_types` WRITE;
/*!40000 ALTER TABLE `user_types` DISABLE KEYS */;
INSERT INTO `user_types` VALUES (1,'Owner',1,'2021-12-24 10:32:10','2021-12-24 10:32:10'),(2,'Manager',1,'2021-12-24 10:32:11','2021-12-24 10:32:11'),(3,'Manager Workshop',1,'2021-12-24 10:32:11','2021-12-24 10:32:11'),(4,'Manager Sales',1,'2021-12-24 10:32:11','2021-12-24 10:32:11'),(5,'Manager Accounts',1,'2021-12-24 10:32:11','2021-12-24 10:32:11'),(6,'Office Staff',1,'2021-12-24 10:32:11','2021-12-24 10:32:11'),(7,'Agent',1,'2021-12-24 10:32:11','2021-12-24 10:32:11'),(8,'Worker',1,'2021-12-24 10:32:11','2021-12-24 10:32:11'),(9,'Developer',1,'2021-12-24 10:32:11','2021-12-24 10:32:11'),(10,'Customer',1,'2021-12-24 10:32:11','2021-12-24 10:32:11'),(11,'Karigarh',1,'2021-12-24 10:32:11','2021-12-24 10:32:11');
/*!40000 ALTER TABLE `user_types` ENABLE KEYS */;
UNLOCK TABLES;

--
-- Table structure for table `users`
--

DROP TABLE IF EXISTS `users`;
/*!40101 SET @saved_cs_client     = @@character_set_client */;
/*!50503 SET character_set_client = utf8mb4 */;
CREATE TABLE `users` (
  `id` bigint unsigned NOT NULL AUTO_INCREMENT,
  `email` varchar(255) COLLATE utf8mb4_unicode_ci NOT NULL,
  `password` varchar(255) COLLATE utf8mb4_unicode_ci NOT NULL,
  `remember_token` varchar(100) COLLATE utf8mb4_unicode_ci DEFAULT NULL,
  `person_id` bigint unsigned NOT NULL,
  `inforce` tinyint NOT NULL DEFAULT '1',
  `created_at` timestamp NULL DEFAULT NULL,
  `updated_at` timestamp NULL DEFAULT NULL,
  PRIMARY KEY (`id`),
  UNIQUE KEY `users_email_unique` (`email`),
  KEY `users_person_id_foreign` (`person_id`),
  CONSTRAINT `users_person_id_foreign` FOREIGN KEY (`person_id`) REFERENCES `people` (`id`)
) ENGINE=InnoDB AUTO_INCREMENT=3 DEFAULT CHARSET=utf8mb4 COLLATE=utf8mb4_unicode_ci;
/*!40101 SET character_set_client = @saved_cs_client */;

--
-- Dumping data for table `users`
--

LOCK TABLES `users` WRITE;
/*!40000 ALTER TABLE `users` DISABLE KEYS */;
INSERT INTO `users` VALUES (1,'bile','$2y$10$QDZuxd2vuuScN2TJDfoOteykC911OVdr.Cv8MAaRG8MklFB7E9hvq',NULL,1,1,'2021-12-24 10:32:30','2021-12-24 10:32:30'),(2,'papai','$2y$10$/qc2gZsx5RKwPExDGOsAGOtbpE5km99ahJvYDOZiO/EVOqR/GcGYe',NULL,3,1,'2021-12-24 10:32:30','2021-12-24 10:32:30');
/*!40000 ALTER TABLE `users` ENABLE KEYS */;
UNLOCK TABLES;
/*!40103 SET TIME_ZONE=@OLD_TIME_ZONE */;

/*!40101 SET SQL_MODE=@OLD_SQL_MODE */;
/*!40014 SET FOREIGN_KEY_CHECKS=@OLD_FOREIGN_KEY_CHECKS */;
/*!40014 SET UNIQUE_CHECKS=@OLD_UNIQUE_CHECKS */;
/*!40101 SET CHARACTER_SET_CLIENT=@OLD_CHARACTER_SET_CLIENT */;
/*!40101 SET CHARACTER_SET_RESULTS=@OLD_CHARACTER_SET_RESULTS */;
/*!40101 SET COLLATION_CONNECTION=@OLD_COLLATION_CONNECTION */;
/*!40111 SET SQL_NOTES=@OLD_SQL_NOTES */;

-- Dump completed on 2022-01-07 14:02:47
